﻿checksums,id,public access,created at,updated at,created_by_id,updated_by_id,is active,extras,uri,version,released,retired,is latest version,external id,concept class,datatype,comment,parent_id,versioned_object_id,mnemonic, counted, index
"{'smart': '24fcb6861a40c2109de6ca65d737a271', 'standard': '7a03b8c0cfc7e0dcf49dc8a626850cab'}",3310907,View,2023-08-08T16:30:07.774662+00:00,2023-08-09T16:37:59.796322+00:00,783,783,True,"{'PII': 'TRUE', 'definition': ""Respondent's first name.""}",/orgs/MSF/sources/MSF/concepts/1/,3310907,False,False,False,MSF-AAAAAA000000000000000401,Question,Text,,4570,3310907,1,True,True
"{'smart': '6c8ef6a08e76166b37054f1ce7c78fcd', 'standard': '67280249bd97a3676ec0ae063f954f2c'}",3311145,View,2023-08-08T16:30:15.171225+00:00,2023-08-09T16:38:07.644143+00:00,783,783,True,"{'PII': 'TRUE', 'definition': ""Respondent's middle name.""}",/orgs/MSF/sources/MSF/concepts/2/,3311145,False,False,False,MSF-AAAAAA000000000000000402,Question,Text,,4570,3311145,2,True,True
"{'smart': '3f8784cd64a64867a4a6a0b094cab285', 'standard': '70f7452bd49a866bc96b76c6bdbe7881'}",3311411,View,2023-08-08T16:30:23.202104+00:00,2023-10-10T16:06:52.842042+00:00,783,783,True,{'definition': 'City of residence.'},/orgs/MSF/sources/MSF/concepts/11/,3311411,False,False,False,MSF-AAAAAA000000000000000411,Question,Coded,,4570,3311411,11,True,True
"{'smart': '07741a0e74c9829a5a1842054b7f9bd6', 'standard': '9981394d2db24ffd5786154a8ee67d46'}",3311796,View,2023-08-08T16:30:35.176990+00:00,2023-08-09T16:38:29.362462+00:00,783,783,True,"{'PII': 'TRUE', 'definition': ""Respondent's last name.""}",/orgs/MSF/sources/MSF/concepts/3/,3311796,False,False,False,MSF-AAAAAA000000000000000403,Question,Text,,4570,3311796,3,True,True
"{'smart': 'f2ae41ddf53fe333d08b4e52d0abde41', 'standard': 'd713cb90fb9dcbeb46d4bca6b5a87b85'}",3311965,View,2023-08-08T16:30:40.470927+00:00,2023-08-09T16:38:35.341027+00:00,783,783,True,"{'PII': 'TRUE', 'definition': 'The telephone number for the respondent.'}",/orgs/MSF/sources/MSF/concepts/34/,3311965,False,False,False,MSF-AAAAAA000000000000000434,Question,Text,,4570,3311965,34,True,True
"{'smart': 'c8bac4f83e4b038b73bab3d5f2699b25', 'standard': '3a87a10495db5a4d7a9824c8d1d3480d'}",3312212,View,2023-08-08T16:30:48.574482+00:00,2023-08-09T16:38:43.668788+00:00,783,783,True,{'definition': 'The gender of the respondent.'},/orgs/MSF/sources/MSF/concepts/4/,3312212,False,False,False,MSF-AAAAAA000000000000000404,Question,Coded,,4570,3312212,4,True,True
"{'smart': '2b4f0c3f59f1c571228cb00fa9148a61', 'standard': 'b5107a2abdf6e884c07df25c70be66d9'}",3312624,View,2023-08-08T16:31:00.460990+00:00,2023-08-09T16:38:57.308616+00:00,783,783,True,{'definition': 'Male gender.'},/orgs/MSF/sources/MSF/concepts/5/,3312624,False,False,False,MSF-AAAAAA000000000000000405,Misc,N/A,,4570,3312624,5,True,True
"{'smart': 'feed3ade837a2dee7b319b1d96327b2e', 'standard': '667cac555df8594b1d5d2c251b205fa2'}",3312936,View,2023-08-08T16:31:09.628376+00:00,2023-08-09T16:38:55.977834+00:00,783,783,True,{'definition': 'General descriptive answer indicating nothing.'},/orgs/MSF/sources/MSF/concepts/1423/,3312936,False,False,False,MSF-AAAAAA000000000000001823,Misc,N/A,,4570,3312936,1423,True,True
"{'smart': 'e7e737e1c3b01254cbab4803aeab92b6', 'standard': '9414653f9e0891eed53b16ebb9f8dcc2'}",3313022,View,2023-08-08T16:31:12.174990+00:00,2023-08-09T16:39:10.261885+00:00,783,783,True,{'definition': 'Female gender.'},/orgs/MSF/sources/MSF/concepts/6/,3313022,False,False,False,MSF-AAAAAA000000000000000406,Misc,N/A,,4570,3313022,6,True,True
"{'smart': '61b0a56469d9fab5ab4b820800dd59e9', 'standard': '473594f82004d7463a42c9f0741d49fa'}",3313130,View,2023-08-08T16:31:15.358510+00:00,2023-08-09T16:39:00.800332+00:00,783,783,True,"{'definition': 'Never been wedded to another person, as an answer to questions about civil status.'}",/orgs/MSF/sources/MSF/concepts/1462/,3313130,False,False,False,MSF-AAAAAA000000000000001862,Misc,N/A,,4570,3313130,1462,True,True
"{'smart': '0850a45a0cd5b33e3b9470a98511c17b', 'standard': '52d8e391f3ec29185293e3577767b7de'}",3313135,View,2023-08-08T16:31:15.478533+00:00,2023-08-09T16:39:00.927224+00:00,783,783,True,"{'definition': 'Wedded to another person, as an answer to questions about civil status.'}",/orgs/MSF/sources/MSF/concepts/1463/,3313135,False,False,False,MSF-AAAAAA000000000000001863,Misc,N/A,,4570,3313135,1463,True,True
"{'smart': '1ff49c6fddb8927651ce0ecceea32f75', 'standard': 'ed6867ff39e9df957e38509c8a2599f7'}",3313140,View,2023-08-08T16:31:15.603094+00:00,2023-08-09T16:39:01.039900+00:00,783,783,True,"{'definition': 'Spouse died, as an answer to questions about civil status.'}",/orgs/MSF/sources/MSF/concepts/1464/,3313140,False,False,False,MSF-AAAAAA000000000000001864,Misc,N/A,,4570,3313140,1464,True,True
"{'smart': '4475958658a95385b482db7bc3a7581e', 'standard': 'e468e534f25898f858af491e3fc72f14'}",3313144,View,2023-08-08T16:31:15.740440+00:00,2023-08-09T16:39:01.164262+00:00,783,783,True,{'definition': 'Mutual agreement by married couple to discontinue living together as an answer to questions about civil status.'},/orgs/MSF/sources/MSF/concepts/1465/,3313144,False,False,False,MSF-AAAAAA000000000000001865,Misc,N/A,,4570,3313144,1465,True,True
"{'smart': 'f7ea66403395735c8806a29ec0c26688', 'standard': '4da27539c4c3c950a684e0dddc0d9235'}",3313314,View,2023-08-08T16:31:20.516394+00:00,2023-10-10T16:07:33.629250+00:00,783,783,True,{'definition': 'State of residence.'},/orgs/MSF/sources/MSF/concepts/15/,3313314,False,False,False,MSF-AAAAAA000000000000000415,Question,Coded,,4570,3313314,15,True,True
"{'smart': '0ce6097d3442eee0d3be3c1942de430d', 'standard': '6ceb38ca98096506a31aa83d282c78ca'}",3313415,View,2023-08-08T16:31:23.234629+00:00,2023-08-09T16:39:22.558467+00:00,783,783,True,"{'definition': 'A generic, descriptive, and non-coded response to a question.'}",/orgs/MSF/sources/MSF/concepts/7/,3313415,False,False,False,MSF-AAAAAA000000000000000407,Misc,N/A,,4570,3313415,7,True,True
"{'smart': '1a76a1f04721cd173fcd02f35b7f33fa', 'standard': '6c22ae08860474c9d4eb65780a443286'}",3313472,View,2023-08-08T16:31:24.980473+00:00,2023-10-10T16:07:37.096323+00:00,783,783,True,{'definition': 'Person who have been forced to flee their home but never cross an international border'},/orgs/MSF/sources/MSF/concepts/1530/,3313472,False,False,False,MSF-AAAAAA000000000000001930,Misc,N/A,,4570,3313472,1530,True,True
"{'smart': '23eb7aed9a41e5ce0d92cebb6d755e42', 'standard': '4315e8a192098d3c61ca9b94c411bfa2'}",3314203,View,2023-08-08T16:31:45.273012+00:00,2023-08-09T16:39:47.619247+00:00,783,783,True,"{'PII': 'TRUE', 'definition': 'Day, month, and year (DD/MM/YYYY) the respondent was born.'}",/orgs/MSF/sources/MSF/concepts/9/,3314203,False,False,False,MSF-AAAAAA000000000000000409,Question,Date,,4570,3314203,9,True,True
"{'smart': 'b9d24b3d89263e815a61fdcd3d239e92', 'standard': '1167f6d395c264de069478bc4f6bafe3'}",3314312,View,2023-08-08T16:31:48.234813+00:00,2023-08-09T16:39:51.050140+00:00,783,783,True,{'definition': 'Generic answer to question when information/data is not known.'},/orgs/MSF/sources/MSF/concepts/929/,3314312,False,False,False,MSF-AAAAAA000000000000001329,Misc,N/A,,4570,3314312,929,True,True
"{'smart': 'a63300e656e82b38aa2f372a83bfce72', 'standard': '653518e10c27de7fde8c70318daa7a7d'}",3314881,View,2023-08-08T16:32:11.627726+00:00,2023-08-09T16:39:53.597764+00:00,783,783,True,{'definition': 'Country of residence.'},/orgs/MSF/sources/MSF/concepts/19/,3314881,False,False,False,MSF-AAAAAA000000000000000419,Question,Coded,,4570,3314881,19,True,True
"{'smart': '15c2d7fdcd43de7bd69cab3a09df7b91', 'standard': 'fdf400d3e50e0fd598e25cc4a716164f'}",3316988,View,2023-08-09T14:53:37.899398+00:00,2023-08-09T14:53:37.924686+00:00,783,783,True,{},/orgs/MSF/sources/MSF/concepts/1/,3316988,False,True,False,1,Diagnosis,N/A,,4570,3316988,1,True,True
"{'smart': 'c5e8c2f93a3b5e23e809a9ab80240ecb', 'standard': '4c9df8ef2b31bbf041b5e019fefda13d'}",3316990,View,2023-08-09T14:56:06.728249+00:00,2023-08-09T14:56:06.747317+00:00,783,783,True,{},/orgs/MSF/sources/MSF/concepts/2/,3316990,False,True,False,2,Misc,None,,4570,3316990,2,True,True
"{'smart': '7aff1a0c805bc54fc75a935167c1ef4f', 'standard': 'fc8c000bcdf6c105a7c69b4590209d4c'}",5484393,View,2024-03-15T02:22:30.983683+00:00,2024-03-15T02:22:30.986502+00:00,1,1,True,{},/orgs/CIEL/sources/CIEL/concepts/166416/5484393/,5484393,False,False,False,166416AAAAAAAAAAAAAAAAAAAAAAAAAAAAAA,Finding,N/A,,42,313750,166416,True,True
"{'smart': '8b3d1f1343d92fb39b335780227f684d', 'standard': '37a09afddf7c843a988c6df7a183565c'}",5484395,View,2024-03-15T02:22:31.208099+00:00,2024-03-15T02:22:31.210050+00:00,1,1,True,{},/orgs/CIEL/sources/CIEL/concepts/166417/5484395/,5484395,False,False,False,166417AAAAAAAAAAAAAAAAAAAAAAAAAAAAAA,Finding,N/A,,42,300464,166417,True,True
"{'smart': '742b4a4259b17a1546f0302e366808d2', 'standard': 'bfaeb0747b67b0a0e48866f91371a315'}",5487759,View,2024-03-15T02:29:37.130390+00:00,2024-03-15T02:29:37.135188+00:00,1,1,True,{},/orgs/CIEL/sources/CIEL/concepts/168130/5487759/,5487759,False,False,False,bd33a088-b7bb-456f-8c1a-cc0d6ebddbee,Question,Text,,42,3121813,168130,True,True
"{'smart': '639034f43b6f1eb7c4a649e4d35bbc17', 'standard': '99891d3539c9431b815cfd38be9bc49f'}",5506277,View,2024-04-18T21:12:15.421716+00:00,2024-04-18T21:12:15.431010+00:00,789,789,True,{},/orgs/MSF/sources/MSF/concepts/3042/5506277/,5506277,True,False,True,f921ffdd-72ca-4d58-a89b-1fa2e959d110,Misc,Text,,4570,5506275,3042,True,True
"{'smart': '96794de40d35240f60c947ce1c842d99', 'standard': '7a9a0bff0978169a52355506da8329e2'}",5506298,View,2024-04-19T13:54:25.516408+00:00,2024-04-19T13:54:25.521788+00:00,789,789,True,"{'definition': 'People who have been forced to flee because of persecution, war or violence and have crossed an international border to find safety in another country.'}",/orgs/MSFOCG/sources/MSFOCG/concepts/5506297/5506298/,5506298,True,False,True,,Misc,N/A,,5166,5506297,5506297,True,True
"{'smart': '8241e3fa5df7528f2408c0417ed4566d', 'standard': '6e3ff97d19e7aa19bd10598c9c70f207'}",5512144,View,2024-05-01T14:40:09.301030+00:00,2024-05-01T14:40:09.305879+00:00,1,1,True,{},/orgs/CIEL/sources/CIEL/concepts/1060/5512144/,5512144,False,False,False,1060AAAAAAAAAAAAAAAAAAAAAAAAAAAAAAAA,Misc,N/A,,42,2681,1060,True,True
"{'smart': 'c9d0147480e7953a7f884e70fef45cc2', 'standard': 'd777f2a8da04b20b2fc9b8333d49fe2f'}",5515907,View,2024-05-01T14:48:35.761789+00:00,2024-05-01T14:48:35.763912+00:00,1,1,True,{},/orgs/CIEL/sources/CIEL/concepts/1540/5515907/,5515907,False,False,False,1540AAAAAAAAAAAAAAAAAAAAAAAAAAAAAAAA,Misc,N/A,,42,3236,1540,True,True
"{'smart': '7071ce059eb5293f750313b6dc65c9e4', 'standard': 'db32ca3fcb93545f31516926cdd04bab'}",5524127,View,2024-05-01T15:06:54.721042+00:00,2024-05-01T15:06:54.723056+00:00,1,1,True,{},/orgs/CIEL/sources/CIEL/concepts/159461/5524127/,5524127,False,False,False,159461AAAAAAAAAAAAAAAAAAAAAAAAAAAAAA,Misc,N/A,,42,95864,159461,True,True
"{'smart': '3ec6b69bceacd9fd45e8ca456865664a', 'standard': '5c783c10b4ad20d63f107527639878bb'}",5524129,View,2024-05-01T15:06:55.021578+00:00,2024-05-01T15:06:55.024245+00:00,1,1,True,{},/orgs/CIEL/sources/CIEL/concepts/159462/5524129/,5524129,False,False,False,159462AAAAAAAAAAAAAAAAAAAAAAAAAAAAAA,Misc,N/A,,42,99262,159462,True,True
"{'smart': '86956e0105063dd11e6cc93bbfc5b5e2', 'standard': '831a310678a301b928b7562c106c64c0'}",5524138,View,2024-05-01T15:06:56.339454+00:00,2024-05-01T15:06:56.341859+00:00,1,1,True,{},/orgs/CIEL/sources/CIEL/concepts/159467/5524138/,5524138,False,False,False,159467AAAAAAAAAAAAAAAAAAAAAAAAAAAAAA,Misc,N/A,,42,99925,159467,True,True
"{'smart': 'd8d1aa33b08c85519ad1f9ddf6661798', 'standard': 'b9979d2831876c48fcc4452b08f98c8a'}",5532321,View,2024-05-01T15:25:30.284587+00:00,2024-05-01T15:25:30.290232+00:00,1,1,True,{},/orgs/CIEL/sources/CIEL/concepts/123801/5532321/,5532321,False,False,False,123801AAAAAAAAAAAAAAAAAAAAAAAAAAAAAA,Diagnosis,N/A,,42,33514,123801,True,True
"{'smart': '035cfa46025e7f9abf85d5037a1d8f09', 'standard': '4f6ebedb47dfca984f34090a3fb647e4'}",5564921,View,2024-05-22T08:22:43.429960+00:00,2024-05-22T08:22:43.436880+00:00,789,789,True,{'definition': 'A person of school age that is currently not attending school.'},/orgs/MSFOCG/sources/MSFOCG/concepts/5564921/,5564921,False,False,False,,Misc,N/A,,5166,5564921,5564921,True,True
"{'smart': 'af17a9b64e333d2396f889a7824e0aa1', 'standard': '6a6212f89bc35920c877df4989ed8400'}",5564923,View,2024-05-22T08:22:43.796215+00:00,2024-05-22T08:22:43.805740+00:00,789,789,True,{'definition': 'Retired from a job or occupation as answer to questions about occupational state.'},/orgs/MSFOCG/sources/MSFOCG/concepts/5564923/,5564923,False,False,False,,Misc,N/A,,5166,5564923,5564923,True,True
"{'smart': '68442840bf83d2deec03fd48a26c6bf2', 'standard': 'f18d1fa8593a2ab1b92a822cd2c3ba6d'}",5564925,View,2024-05-22T08:22:44.267330+00:00,2024-05-22T08:22:44.271672+00:00,789,789,True,{'definition': 'Small child less than 5 years age as answer to questions about occupation or school age.'},/orgs/MSFOCG/sources/MSFOCG/concepts/5564925/,5564925,False,False,False,,Misc,N/A,,5166,5564925,5564925,True,True
"{'smart': 'd93fe9cec8d8133addbc69734ca36f7f', 'standard': '3655f6b113e0ea18533b01132941e1ea'}",5564927,View,2024-05-22T08:22:44.671648+00:00,2024-05-23T16:06:19.038703+00:00,789,789,True,{'definition': 'The state of not being engaged in a gainful occupation.'},/orgs/MSFOCG/sources/MSFOCG/concepts/5564927/,5564927,False,True,False,,Misc,N/A,,5166,5564927,5564927,True,True
"{'smart': '0f20a4cf0f5cc3f67e5927ffe7296fa5', 'standard': '82938737df96b243280e60b1556daecd'}",5564929,View,2024-05-22T08:22:45.364281+00:00,2024-05-23T16:06:04.669924+00:00,789,789,True,{'definition': 'Student as an answer to question about occupation.'},/orgs/MSFOCG/sources/MSFOCG/concepts/5564929/,5564929,False,True,False,,Misc,N/A,,5166,5564929,5564929,True,True
"{'smart': 'e0a42ea8cd6cd94f018e32646b56ec20', 'standard': '3d143799105454ad8839c65046742f56'}",5564931,View,2024-05-22T08:22:45.767441+00:00,2024-05-22T08:22:45.774586+00:00,789,789,True,{'definition': 'The state of having a paid job'},/orgs/MSFOCG/sources/MSFOCG/concepts/5564931/,5564931,False,False,False,,Misc,N/A,,5166,5564931,5564931,True,True
"{'smart': 'aaaa4d8770d9c49be9604e9afff65783', 'standard': '437ba69fbd35c5275759a114b3710666'}",5564941,View,2024-05-22T15:23:40.358439+00:00,2024-05-22T23:47:33.302286+00:00,789,789,True,{},/orgs/MSFOCG/sources/MSFOCG/concepts/5564933/,5564941,False,False,False,b3767edc-78f5-4d0f-a2d8-564ae58d00cf,Misc,Coded,,5166,5564941,5564933,True,True
"{'smart': '5c5ccd49e9b2f427e11ea645868fea1e', 'standard': '696f7310f804f3675b92f93590d4599d'}",5564943,View,2024-05-22T15:26:09.977273+00:00,2024-05-22T15:26:57.198170+00:00,789,789,True,{},/orgs/MSF/sources/MSF/concepts/3044/,5564943,False,False,False,515c5abe-4172-4d0c-a991-0de2888228d7,Misc,Text,,4570,5564943,3044,True,True
"{'smart': 'bd47cccbfece0fc7be90af8ef622a4c9', 'standard': 'e455551ac638bb8467455a5c52d52224'}",5564947,View,2024-05-22T15:27:29.718063+00:00,2024-05-22T15:27:29.783175+00:00,789,789,True,{},/orgs/MSF/sources/MSF/concepts/3046/,5564947,False,False,False,bbdb287c-4ba1-4944-bd87-eb126c5f9d92,Misc,Text,,4570,5564947,3046,True,True
"{'smart': '77c6567fd4630749738cbcac4c035c7e', 'standard': '909190448bfe466edc06064d907ae9d4'}",5564949,View,2024-05-22T15:27:49.541843+00:00,2024-05-22T15:27:49.610154+00:00,789,789,True,{},/orgs/MSF/sources/MSF/concepts/3047/,5564949,False,False,False,fc49acaa-ece2-4365-9dfb-70c2105de8b1,Misc,Text,,4570,5564949,3047,True,True
"{'smart': '6901256e149fdae8722e4f6f5c7fdd28', 'standard': '89fa0710328b94a700b76c67f74c36c2'}",5564951,View,2024-05-22T15:34:57.393735+00:00,2024-05-22T15:34:57.468664+00:00,789,789,True,{},/orgs/MSF/sources/MSF/concepts/3048/,5564951,False,False,False,2bacead2-f280-457c-9d28-e80e106f7d25,Misc,Text,,4570,5564951,3048,True,True
"{'smart': '859d2ecee4bb0bc36b69ad81555e79fa', 'standard': 'a2501e3101cb7d9272d8e1891c2f9854'}",5564963,View,2024-05-23T15:16:12.609808+00:00,2024-05-23T15:16:15.839399+00:00,789,789,True,{},/orgs/MSF/sources/MSF/concepts/3049/,5564963,False,False,False,4a18a820-f3a1-4bb7-9138-558a9ecc81da,Misc,Text,,4570,5564963,3049,True,True
"{'smart': '8969186408d5126b844a35785b6e9b83', 'standard': 'afb72c352a254a9b17234af1c6c01c90'}",5564966,View,2024-05-23T15:16:46.432040+00:00,2024-05-23T15:16:46.498858+00:00,789,789,True,{},/orgs/MSF/sources/MSF/concepts/3051/,5564966,False,False,False,5a69bbf4-d4f2-455a-a32e-6179cec3f0cd,Misc,Text,,4570,5564966,3051,True,True
"{'smart': 'bd11d469e12380b200d269b6121fe8ec', 'standard': 'b695e7bf0b8e0e740dfdb3fb4d236303'}",5564971,View,2024-05-23T15:50:46.409004+00:00,2024-05-23T15:50:46.467669+00:00,789,789,True,{},/orgs/MSF/sources/MSF/concepts/3053/,5564971,False,False,False,2cb73bee-7f94-4695-89c7-c81187dbc90c,Misc,Text,,4570,5564971,3053,True,True
"{'smart': '5dc5d65efb7e2ff6c0848e9bd6914a9a', 'standard': '3e5751eeb1177da15de23af09d5ad709'}",5564973,View,2024-05-23T15:52:21.649559+00:00,2024-05-23T15:52:21.701901+00:00,789,789,True,{},/orgs/MSF/sources/MSF/concepts/3054/,5564973,False,False,False,9b14b4d4-b749-4acf-acfe-79c480f3c4b3,Misc,Text,,4570,5564973,3054,True,True
"{'smart': 'c456ad56da3f44f9f4b736d62b4c5b1e', 'standard': 'd29de91da5855e74bbdc8581259f33c2'}",5564980,View,2024-05-23T16:26:42.934655+00:00,2024-05-23T16:26:42.943332+00:00,789,789,True,{},/orgs/MSF/sources/MSF/concepts/3055/5564980/,5564980,True,False,True,b0ba8725-10d9-443e-8251-415c37fb9567,Misc,Numeric,,4570,5564979,3055,True,True
"{'smart': 'b929f8509b520b17495a36c1f78fc6ae', 'standard': '353878a0c0cd47451af59bb2049998df'}",5565134,View,2024-05-23T20:25:10.058708+00:00,2024-05-23T20:35:46.372039+00:00,789,789,True,{'source': 'Country'},/orgs/MSFOCG/sources/MSFOCG/concepts/5564934/,5565134,False,False,False,84066564-253e-43d8-b141-76730cffa878,Misc,Text,,5166,5565134,5564934,True,True
"{'smart': 'f4ef0e9acf2f9de31ac066a37b4c54f9', 'standard': '53cc38c35a0f86c998f30e9e1f5b53c0'}",5565149,View,2024-05-23T20:33:27.464301+00:00,2024-05-23T20:35:47.971035+00:00,789,789,True,{'source': 'Country'},/orgs/MSFOCG/sources/MSFOCG/concepts/5564940/,5565149,False,False,False,39f1652a-f2b7-4b65-a7e1-7097ac6cdef0,Misc,Text,,5166,5565149,5564940,True,True
"{'smart': '0c651df5fd5c8769f13f76f58646fd02', 'standard': '722922d6cbcc80c79492a77ff5ee9d7a'}",5565152,View,2024-05-23T20:33:27.686150+00:00,2024-05-23T20:35:48.236504+00:00,789,789,True,{'source': 'Country'},/orgs/MSFOCG/sources/MSFOCG/concepts/5564941/,5565152,False,False,False,f3f1cba1-7c1e-4234-86a2-f27bb5964fee,Misc,Text,,5166,5565152,5564941,True,True
"{'smart': '81dfc4a780a58de3646534dbdc0ffe88', 'standard': 'c473e150683f87413c176825cef8a4c0'}",5565155,View,2024-05-23T20:33:27.854316+00:00,2024-05-23T20:35:48.493650+00:00,789,789,True,{'source': 'Country'},/orgs/MSFOCG/sources/MSFOCG/concepts/5564942/,5565155,False,False,False,29750013-0e35-47ca-8f77-9192a923fb07,Misc,Text,,5166,5565155,5564942,True,True
"{'smart': 'f3eb14b1ed1b1f09be156a99918215b9', 'standard': '7a9f9d0d33423463495ddd4c6580c8a7'}",5565169,View,2024-05-23T20:34:14.091537+00:00,2024-05-23T20:35:50.910004+00:00,789,789,True,{'source': 'Country'},/orgs/MSFOCG/sources/MSFOCG/concepts/5564951/,5565169,False,False,False,b02c6d20-83a2-4947-8a7d-91d1f9c4d8a2,Misc,Text,,5166,5565169,5564951,True,True
"{'smart': 'e88fdf64075fd67c6d15ed62fd6a182f', 'standard': '88f07fe37011966b61d97ff68c398860'}",5565175,View,2024-05-23T20:34:14.454982+00:00,2024-05-23T20:35:51.474091+00:00,789,789,True,{'source': 'Country'},/orgs/MSFOCG/sources/MSFOCG/concepts/5564953/,5565175,False,False,False,6c90c1ae-17a4-4e94-a267-4fba4c94efd8,Misc,Text,,5166,5565175,5564953,True,True
"{'smart': 'fe84382f2857e0beea4c123b00bea90a', 'standard': 'ac319c4028de2d1665b4c1c0dbfd3d7e'}",5565249,View,2024-05-23T20:35:46.311163+00:00,2024-05-23T20:35:46.314465+00:00,789,789,True,{'source': 'Country'},/orgs/MSFOCG/sources/MSFOCG/concepts/5565005/5565249/,5565249,True,False,True,3782bf3c-380e-4b60-b21a-38199073f112,Misc,Text,,5166,5565247,5565005,True,True
"{'smart': 'f1300cde76721e9793c936abb8f4d606', 'standard': '79b4ba2733a35c60aadd009df9c314be'}",5565251,View,2024-05-23T20:35:46.459437+00:00,2024-05-23T20:35:46.462774+00:00,789,789,True,{'source': 'Country'},/orgs/MSFOCG/sources/MSFOCG/concepts/5565006/5565251/,5565251,True,False,True,e8b5f188-6a5c-43ae-b4a5-200abb13153e,Misc,Text,,5166,5565250,5565006,True,True
"{'smart': '6edbfae6db5b17d957ebfb3babcfd2f4', 'standard': '4902a2237bfa6f3cbe82791d1731330c'}",5565252,View,2024-05-23T20:35:46.491829+00:00,2024-05-23T20:35:46.497592+00:00,789,789,True,{'source': 'Country'},/orgs/MSFOCG/sources/MSFOCG/concepts/5564935/5565252/,5565252,False,False,True,db21f4f9-faf2-4358-8297-0ae76627b3b8,Misc,Text,,5166,5565137,5564935,True,True
"{'smart': '5e1f5437c19ec605a61598a2abd7f6cb', 'standard': '041714ec69efeff9d75aaf2160bb457a'}",5565254,View,2024-05-23T20:35:46.618302+00:00,2024-05-23T20:35:46.621733+00:00,789,789,True,{'source': 'Country'},/orgs/MSFOCG/sources/MSFOCG/concepts/5565007/5565254/,5565254,True,False,True,3facca11-fbaa-4c40-8fac-4751d45c3f1b,Misc,Text,,5166,5565253,5565007,True,True
"{'smart': 'c7bf01a99a14cbbc21df9993df8377d9', 'standard': '2caee89afa2923ef5548dd09e2d45dd8'}",5565256,View,2024-05-23T20:35:46.749236+00:00,2024-05-23T20:35:46.753622+00:00,789,789,True,{'source': 'Country'},/orgs/MSFOCG/sources/MSFOCG/concepts/5564936/5565256/,5565256,False,False,True,5f6c017f-074c-46b3-92d0-d055e2094366,Misc,Text,,5166,5565140,5564936,True,True
"{'smart': 'b412013e6467fd19d1efa2f421d760c8', 'standard': 'e8d8f910416507666f6a89aa08dd4d5d'}",5565257,View,2024-05-23T20:35:46.773642+00:00,2024-05-23T20:35:46.777453+00:00,789,789,True,{'source': 'Country'},/orgs/MSFOCG/sources/MSFOCG/concepts/5565008/5565257/,5565257,True,False,True,3e844a47-526a-46f9-afea-1af9ff8690aa,Misc,Text,,5166,5565255,5565008,True,True
"{'smart': '73b1b067a5733b19b8e8c99e9c1048e3', 'standard': '9fd96018165f012f3097aa31300c101c'}",5565259,View,2024-05-23T20:35:46.942985+00:00,2024-05-23T20:35:46.946373+00:00,789,789,True,{'source': 'Country'},/orgs/MSFOCG/sources/MSFOCG/concepts/5565009/5565259/,5565259,True,False,True,051ce04e-05e8-4430-8b75-3e499bbffbc8,Misc,Text,,5166,5565258,5565009,True,True
"{'smart': 'f556fa229e3e475b563330e6eda947a8', 'standard': '97c728151cffb9a80ceec5f26d1b459e'}",5565261,View,2024-05-23T20:35:47.026762+00:00,2024-05-23T20:35:47.031253+00:00,789,789,True,{'source': 'Country'},/orgs/MSFOCG/sources/MSFOCG/concepts/5564937/5565261/,5565261,False,False,True,8a2e5a03-8a74-41ae-9a98-2310f9ce400d,Misc,Text,,5166,5565143,5564937,True,True
"{'smart': 'a4cb329f0ff1be869cf5b98c541d382d', 'standard': '598cb16f18ee58abbc5047c7837cfb9a'}",5565262,View,2024-05-23T20:35:47.088976+00:00,2024-05-23T20:35:47.092229+00:00,789,789,True,{'source': 'Country'},/orgs/MSFOCG/sources/MSFOCG/concepts/5565010/5565262/,5565262,True,False,True,8acb006b-8596-4a98-8177-acb4cb575956,Misc,Text,,5166,5565260,5565010,True,True
"{'smart': 'fc287657dc223fd2602533dc8a34468d', 'standard': 'b4408f81d76b73884c80f8128c5e0513'}",5565264,View,2024-05-23T20:35:47.235408+00:00,2024-05-23T20:35:47.238732+00:00,789,789,True,{'source': 'Country'},/orgs/MSFOCG/sources/MSFOCG/concepts/5565011/5565264/,5565264,True,False,True,17ced083-eb2a-4046-a713-26cabc7af95d,Misc,Text,,5166,5565263,5565011,True,True
"{'smart': 'f7453b92252fc1926f19b5e2c293c8b0', 'standard': '93cde3a85a255923e8fe0173fd2a8f52'}",5565265,View,2024-05-23T20:35:47.280935+00:00,2024-05-23T20:35:47.286280+00:00,789,789,True,{'source': 'Country'},/orgs/MSFOCG/sources/MSFOCG/concepts/5564938/5565265/,5565265,False,False,True,c911af8a-171c-4ee9-b1ff-934373e8a819,Misc,Text,,5166,5565160,5564938,True,True
"{'smart': '890f56cdc043d12d7302cc84fc22bd11', 'standard': '72d73949e32a6a78025a5b6b38696a1c'}",5565267,View,2024-05-23T20:35:47.362309+00:00,2024-05-23T20:35:47.365509+00:00,789,789,True,{'source': 'Country'},/orgs/MSFOCG/sources/MSFOCG/concepts/5565012/5565267/,5565267,True,False,True,1af148fe-2698-4b89-bf7f-87e5c48b6848,Misc,Text,,5166,5565266,5565012,True,True
"{'smart': '14373bead822e017abab01d1ab94d811', 'standard': '0e0adaa546cbc3e1b1d117f7721588a4'}",5565269,View,2024-05-23T20:35:47.516215+00:00,2024-05-23T20:35:47.519465+00:00,789,789,True,{'source': 'Country'},/orgs/MSFOCG/sources/MSFOCG/concepts/5565013/5565269/,5565269,True,False,True,8381208f-01ca-4ed3-8f2c-f73ed1c316e3,Misc,Text,,5166,5565268,5565013,True,True
"{'smart': 'f590e051c8617794b3e3f8bf7f2675b4', 'standard': 'd4afe196bf9ea33a5749ddea1e9063cf'}",5565270,View,2024-05-23T20:35:47.536076+00:00,2024-05-23T20:35:47.540405+00:00,789,789,True,{'source': 'Country'},/orgs/MSFOCG/sources/MSFOCG/concepts/5564939/5565270/,5565270,False,False,True,b83d24e8-34d8-4920-83c0-8ba014467ff4,Misc,Text,,5166,5565146,5564939,True,True
"{'smart': '90ba017b289b9e3964a2c7fd5eb0fcc4', 'standard': '4a2ac3d325ab332e38f87693b8bd0a56'}",5565272,View,2024-05-23T20:35:47.665105+00:00,2024-05-23T20:35:47.669038+00:00,789,789,True,{'source': 'Country'},/orgs/MSFOCG/sources/MSFOCG/concepts/5565014/5565272/,5565272,True,False,True,f0e9c8b5-69b5-48df-8cb9-2d089ba04e46,Misc,Text,,5166,5565271,5565014,True,True
"{'smart': '426d741f607f2a58e833aae732962659', 'standard': '526ad7683b3c21617a57823aff2a2017'}",5565275,View,2024-05-23T20:35:47.818327+00:00,2024-05-23T20:35:47.821432+00:00,789,789,True,{'source': 'Country'},/orgs/MSFOCG/sources/MSFOCG/concepts/5565015/5565275/,5565275,True,False,True,9f341cb1-dcb5-4f6c-bd21-b57db01b4193,Misc,Text,,5166,5565273,5565015,True,True
"{'smart': '3768dec94f68bcd4070b56e44035d702', 'standard': 'b6ec0612162a2ac55302903cecc0e19b'}",5565277,View,2024-05-23T20:35:47.974915+00:00,2024-05-23T20:35:47.980376+00:00,789,789,True,{'source': 'Country'},/orgs/MSFOCG/sources/MSFOCG/concepts/5565016/5565277/,5565277,True,False,True,ef467a17-91e8-4124-a136-7ed8ff7c7d15,Misc,Text,,5166,5565276,5565016,True,True
"{'smart': '8b9fe563933aaa5281b83c80ab240e72', 'standard': 'c303f918ac66b50d8c5b929039f8f15f'}",5565280,View,2024-05-23T20:35:48.159017+00:00,2024-05-23T20:35:48.163556+00:00,789,789,True,{'source': 'Country'},/orgs/MSFOCG/sources/MSFOCG/concepts/5565017/5565280/,5565280,True,False,True,0916133b-4d93-4d60-9c20-e7ee3936f391,Misc,Text,,5166,5565278,5565017,True,True
"{'smart': '973d4059118bcd242885d2b08dfd41e9', 'standard': '602d9761a32d5a875962d9d152f662fb'}",5565282,View,2024-05-23T20:35:48.308537+00:00,2024-05-23T20:35:48.311918+00:00,789,789,True,{'source': 'Country'},/orgs/MSFOCG/sources/MSFOCG/concepts/5565018/5565282/,5565282,True,False,True,e81ba700-f9fc-4ed0-b248-578a25717cdb,Misc,Text,,5166,5565281,5565018,True,True
"{'smart': '41e5ebacfa684e863a6b5e16b510a9f6', 'standard': '04be424ad136cb1b9c0f934805097a4e'}",5565285,View,2024-05-23T20:35:48.457341+00:00,2024-05-23T20:35:48.460717+00:00,789,789,True,{'source': 'Country'},/orgs/MSFOCG/sources/MSFOCG/concepts/5565019/5565285/,5565285,True,False,True,0cb123dc-8810-4840-b6ab-6a527c5a79ef,Misc,Text,,5166,5565284,5565019,True,True
"{'smart': '384e5ced91219b902c32d6687cda6f80', 'standard': 'dde1520fb06dd06fc4df8820b33fc883'}",5565287,View,2024-05-23T20:35:48.594823+00:00,2024-05-23T20:35:48.598704+00:00,789,789,True,{'source': 'Country'},/orgs/MSFOCG/sources/MSFOCG/concepts/5565020/5565287/,5565287,True,False,True,3386fe63-2158-4040-a502-9f65fd2079d3,Misc,Text,,5166,5565286,5565020,True,True
"{'smart': '3bbaf0954c81545775baae6099289551', 'standard': 'ee9099b7613420a24436681793a251cb'}",5565288,View,2024-05-23T20:35:48.612637+00:00,2024-05-23T20:35:48.617234+00:00,789,789,True,{'source': 'Country'},/orgs/MSFOCG/sources/MSFOCG/concepts/5564943/5565288/,5565288,False,False,True,a99de53c-ce76-4b1e-91b2-461094baf79e,Misc,Text,,5166,5565157,5564943,True,True
"{'smart': '52260bf85fd3f3341a5c35b67beee109', 'standard': '9b28d0baa79c8c37c6f9810f781f42fd'}",5565290,View,2024-05-23T20:35:48.786057+00:00,2024-05-23T20:35:48.790501+00:00,789,789,True,{'source': 'Country'},/orgs/MSFOCG/sources/MSFOCG/concepts/5565021/5565290/,5565290,True,False,True,fb01b01a-6775-423c-8012-7d43f587cb6c,Misc,Text,,5166,5565289,5565021,True,True
"{'smart': '4db76f3453050e18ab87396017d3fbcf', 'standard': '19e4f3ec63c213b72390578f81ebcc45'}",5565292,View,2024-05-23T20:35:48.925276+00:00,2024-05-23T20:35:48.929726+00:00,789,789,True,{'source': 'Country'},/orgs/MSFOCG/sources/MSFOCG/concepts/5564944/5565292/,5565292,False,False,True,664baba4-c552-47b9-97c0-ff67dafd27d6,Misc,Text,,5166,5565191,5564944,True,True
"{'smart': '44c2731a2b9fdb85c5a353bbe3cc1999', 'standard': '5ea9f0617eca61f8d36ede04f9a90a91'}",5565293,View,2024-05-23T20:35:48.946386+00:00,2024-05-23T20:35:48.952401+00:00,789,789,True,{'source': 'Country'},/orgs/MSFOCG/sources/MSFOCG/concepts/5565022/5565293/,5565293,True,False,True,e67c072b-7707-491f-8c2e-13c914216b61,Misc,Text,,5166,5565291,5565022,True,True
"{'smart': '6753e55f0083334dc6dbb5f98865a3d5', 'standard': '1aaa12ca8fc659e97a4950bbcfa8d34a'}",5565295,View,2024-05-23T20:35:49.143357+00:00,2024-05-23T20:35:49.146632+00:00,789,789,True,{'source': 'Country'},/orgs/MSFOCG/sources/MSFOCG/concepts/5565023/5565295/,5565295,True,False,True,f6a9521c-596b-49f9-b914-67138e8c17e6,Misc,Text,,5166,5565294,5565023,True,True
"{'smart': '0bc736aadd0a9bc0cad5c0832584d31b', 'standard': '7269ed8bf6b2c7d3a1a4bccdf67f07b9'}",5565296,View,2024-05-23T20:35:49.188636+00:00,2024-05-23T20:35:49.192958+00:00,789,789,True,{'source': 'Country'},/orgs/MSFOCG/sources/MSFOCG/concepts/5564945/5565296/,5565296,False,False,True,cf863e31-bb38-48ed-90dd-f3dedcac304c,Misc,Text,,5166,5565195,5564945,True,True
"{'smart': '2de0eb95584063a5cd2dfcf6666605e3', 'standard': 'ff5e4b90b9fece0aa391c93eded16daa'}",5565298,View,2024-05-23T20:35:49.311043+00:00,2024-05-23T20:35:49.314052+00:00,789,789,True,{'source': 'Country'},/orgs/MSFOCG/sources/MSFOCG/concepts/5565024/5565298/,5565298,True,False,True,7561db90-a866-4443-93f4-95cac1d47e9c,Misc,Text,,5166,5565297,5565024,True,True
"{'smart': '2f49d17b36bdc374845b4b1b6275aa07', 'standard': 'f55299a4e655135339fb6da9a420f1e4'}",5565300,View,2024-05-23T20:35:49.449599+00:00,2024-05-23T20:35:49.453798+00:00,789,789,True,{'source': 'Country'},/orgs/MSFOCG/sources/MSFOCG/concepts/5564946/5565300/,5565300,False,False,True,d45a57c9-994f-4deb-8845-9b785860a2ec,Misc,Text,,5166,5565199,5564946,True,True
"{'smart': 'b35504f9418157af26f5baa8b88b31e4', 'standard': 'fcfc0d361cae7d2d3a617bb7de92bc7a'}",5565301,View,2024-05-23T20:35:49.485182+00:00,2024-05-23T20:35:49.488304+00:00,789,789,True,{'source': 'Country'},/orgs/MSFOCG/sources/MSFOCG/concepts/5565025/5565301/,5565301,True,False,True,4134651a-7f53-45fb-8bc6-7fed9cf36f51,Misc,Text,,5166,5565299,5565025,True,True
"{'smart': 'c0c788479b7cb4c9e4c52972d20b2288', 'standard': 'a04a54889da39cd50424933fc22752be'}",5565303,View,2024-05-23T20:35:49.616471+00:00,2024-05-23T20:35:49.620012+00:00,789,789,True,{'source': 'Country'},/orgs/MSFOCG/sources/MSFOCG/concepts/5565026/5565303/,5565303,True,False,True,4d3079e4-8568-48e6-9342-665896875a38,Misc,Text,,5166,5565302,5565026,True,True
"{'smart': 'ceb14c1bf1c403c80c47b07232748014', 'standard': '3789091f0928d348cf81e2705720a19f'}",5565305,View,2024-05-23T20:35:49.702198+00:00,2024-05-23T20:35:49.706530+00:00,789,789,True,{'source': 'Country'},/orgs/MSFOCG/sources/MSFOCG/concepts/5564947/5565305/,5565305,False,False,True,d8800d10-862b-42f1-8e22-cac1ce1bbcae,Misc,Text,,5166,5565203,5564947,True,True
"{'smart': '550535f3a5604dfc7789c333f3d81d0c', 'standard': 'd4150adf22cebf2e2eae06f7bfa2159e'}",5565306,View,2024-05-23T20:35:49.775945+00:00,2024-05-23T20:35:49.779329+00:00,789,789,True,{'source': 'Country'},/orgs/MSFOCG/sources/MSFOCG/concepts/5565027/5565306/,5565306,True,False,True,9b0af037-99d1-43b8-ac06-82137ec4b06d,Misc,Text,,5166,5565304,5565027,True,True
"{'smart': '4fdf6c306adf70b5cc7293bd237aa22e', 'standard': 'a4fe8f5f2497c36c00388c6e5c7f2768'}",5565308,View,2024-05-23T20:35:49.958806+00:00,2024-05-23T20:35:49.963221+00:00,789,789,True,{'source': 'Country'},/orgs/MSFOCG/sources/MSFOCG/concepts/5564948/5565308/,5565308,False,False,True,05d8f4ef-45eb-463d-b2f3-8a5a613ee6b9,Misc,Text,,5166,5565207,5564948,True,True
"{'smart': 'a49835fffab3c63ffa72262240b97f2c', 'standard': '545d4c3c933c38275d7e03abd7ae0f6f'}",5565310,View,2024-05-23T20:35:50.091550+00:00,2024-05-23T20:35:50.094752+00:00,789,789,True,{'source': 'Country'},/orgs/MSFOCG/sources/MSFOCG/concepts/5565029/5565310/,5565310,True,False,True,f45d93c3-c9b0-4333-a5e6-299b7c425812,Misc,Text,,5166,5565309,5565029,True,True
"{'smart': 'e1a04a331c998c851b5d1d876c58be82', 'standard': 'f8074819da5a591acb81f287b194493a'}",5565312,View,2024-05-23T20:35:50.240619+00:00,2024-05-23T20:35:50.244924+00:00,789,789,True,{'source': 'Country'},/orgs/MSFOCG/sources/MSFOCG/concepts/5564949/5565312/,5565312,False,False,True,1304a0de-5b70-4d36-a873-e72a82963316,Misc,Text,,5166,5565162,5564949,True,True
"{'smart': 'ae50864293b2aa38b8b0ac7f112e567d', 'standard': '00d1f4a288e6636b6590a9e0ed6f4d8d'}",5565313,View,2024-05-23T20:35:50.273410+00:00,2024-05-23T20:35:50.276843+00:00,789,789,True,{'source': 'Country'},/orgs/MSFOCG/sources/MSFOCG/concepts/5565030/5565313/,5565313,True,False,True,e2a19948-49aa-44c0-98ef-67ae1160ef43,Misc,Text,,5166,5565311,5565030,True,True
"{'smart': 'dd0ba44060654910e5cfc11e53dcac69', 'standard': '11c3b8921561fef045031bc70a9be126'}",5565315,View,2024-05-23T20:35:50.430640+00:00,2024-05-23T20:35:50.433777+00:00,789,789,True,{'source': 'Country'},/orgs/MSFOCG/sources/MSFOCG/concepts/5565031/5565315/,5565315,True,False,True,1ef5a828-9d0d-4336-91ab-880d5dc0151c,Misc,Text,,5166,5565314,5565031,True,True
"{'smart': '6425e00e64912996c8a6b9eb1b565179', 'standard': '3a7d2fc2a147fdfd81547a2c1a8cbbfe'}",5565317,View,2024-05-23T20:35:50.510880+00:00,2024-05-23T20:35:50.515216+00:00,789,789,True,{'source': 'Country'},/orgs/MSFOCG/sources/MSFOCG/concepts/5564950/5565317/,5565317,False,False,True,353ff388-64e6-434c-b78f-ca9636390389,Misc,Text,,5166,5565165,5564950,True,True
"{'smart': '69dfebaa9ba131976670ee48c9b3ffc7', 'standard': 'df03d6e77b575a2ff37dac9e1d5eb3c8'}",5565318,View,2024-05-23T20:35:50.560425+00:00,2024-05-23T20:35:50.563638+00:00,789,789,True,{'source': 'Country'},/orgs/MSFOCG/sources/MSFOCG/concepts/5565032/5565318/,5565318,True,False,True,e1e6b451-d7fe-4954-b225-99b2de82a4c0,Misc,Text,,5166,5565316,5565032,True,True
"{'smart': 'dc53043f1c8b7061ec79990bd6a40720', 'standard': 'd230eacdb9ab128a11f9aa9262b83196'}",5565320,View,2024-05-23T20:35:50.709493+00:00,2024-05-23T20:35:50.712554+00:00,789,789,True,{'source': 'Country'},/orgs/MSFOCG/sources/MSFOCG/concepts/5565033/5565320/,5565320,True,False,True,d8412016-82f5-4801-a026-1bdc429850b7,Misc,Text,,5166,5565319,5565033,True,True
"{'smart': '861c3d43469f39a1ac5d228dfd1d67f5', 'standard': '1c5618792d0cd45f17acf140fbea065a'}",5565323,View,2024-05-23T20:35:50.864306+00:00,2024-05-23T20:35:50.867186+00:00,789,789,True,{'source': 'Country'},/orgs/MSFOCG/sources/MSFOCG/concepts/5565034/5565323/,5565323,True,False,True,e74fa87f-8469-46b0-975f-6cb37c394564,Misc,Text,,5166,5565321,5565034,True,True
"{'smart': '509caa4d226ba8f8693d186e87e70306', 'standard': '183150e0d91637df879d145e071af290'}",5565325,View,2024-05-23T20:35:51.011096+00:00,2024-05-23T20:35:51.014838+00:00,789,789,True,{'source': 'Country'},/orgs/MSFOCG/sources/MSFOCG/concepts/5565035/5565325/,5565325,True,False,True,bdbd5c9f-1f28-4f4d-a254-4a84f8bb2c8f,Misc,Text,,5166,5565324,5565035,True,True
"{'smart': '1eb9d8ed46558d0208ae069283257bd7', 'standard': '7d92731d16ffa45e8068c94206020b0a'}",5565326,View,2024-05-23T20:35:51.041479+00:00,2024-05-23T20:35:51.045804+00:00,789,789,True,{'source': 'Country'},/orgs/MSFOCG/sources/MSFOCG/concepts/5564952/5565326/,5565326,False,False,True,91c85a62-2b02-483a-aefd-e29d368565fe,Misc,Text,,5166,5565172,5564952,True,True
"{'smart': 'ad11a63d9c1334a061093ef2d0ca6582', 'standard': '7c581e84a798a8c6d0bfec91e297672f'}",5565328,View,2024-05-23T20:35:51.225757+00:00,2024-05-23T20:35:51.229410+00:00,789,789,True,{'source': 'Country'},/orgs/MSFOCG/sources/MSFOCG/concepts/5565036/5565328/,5565328,True,False,True,39fca1d0-d2e7-4b13-82bd-626fbec71252,Misc,Text,,5166,5565327,5565036,True,True
"{'smart': 'a74e21885017abac32cb57dc1b3b6377', 'standard': '5403e5b9e215228fa561eeb924af807b'}",5565331,View,2024-05-23T20:35:51.367094+00:00,2024-05-23T20:35:51.371052+00:00,789,789,True,{'source': 'Country'},/orgs/MSFOCG/sources/MSFOCG/concepts/5565037/5565331/,5565331,True,False,True,5db9afa5-b57e-4f45-8b1c-af766f14fc58,Misc,Text,,5166,5565329,5565037,True,True
"{'smart': '8533f727666236096572f76b78c6c3a0', 'standard': 'a3e25e0244fff8b9a61e920e33f0a956'}",5565333,View,2024-05-23T20:35:51.506300+00:00,2024-05-23T20:35:51.509339+00:00,789,789,True,{'source': 'Country'},/orgs/MSFOCG/sources/MSFOCG/concepts/5565038/5565333/,5565333,True,False,True,1dae4b2d-50c9-4bf1-b25a-7063600a5e74,Misc,Text,,5166,5565332,5565038,True,True
"{'smart': '9280cea9a39ace2539545aeb5c1e4e78', 'standard': 'd9d8c060713e00fe135cdef98b48f770'}",5565335,View,2024-05-23T20:35:51.593649+00:00,2024-05-23T20:35:51.598014+00:00,789,789,True,{'source': 'Country'},/orgs/MSFOCG/sources/MSFOCG/concepts/5564954/5565335/,5565335,False,False,True,8a2ed0db-eaad-44bc-bf06-5cb1b2a3db0b,Misc,Text,,5166,5565178,5564954,True,True
"{'smart': '76be5e5e559250297c67cc3990693f91', 'standard': 'cec4426b94d39ae3ca0417573485e700'}",5565336,View,2024-05-23T20:35:51.669200+00:00,2024-05-23T20:35:51.672472+00:00,789,789,True,{'source': 'Country'},/orgs/MSFOCG/sources/MSFOCG/concepts/5565039/5565336/,5565336,True,False,True,457e745e-ae97-463d-95a9-8d5689d3ca2b,Misc,Text,,5166,5565334,5565039,True,True
"{'smart': 'c1c9a96296a1aec65432b0be03c45340', 'standard': '3ab99b6efc654b3cfcbf5476570ae446'}",5565338,View,2024-05-23T20:35:51.844855+00:00,2024-05-23T20:35:51.848502+00:00,789,789,True,{'source': 'Country'},/orgs/MSFOCG/sources/MSFOCG/concepts/5565040/5565338/,5565338,True,False,True,6bc925a1-7699-496a-85b0-c290699381db,Misc,Text,,5166,5565337,5565040,True,True
"{'smart': '990632563d00653a0a1fc8c419613183', 'standard': '09c81117a7b8fda6a86b972ce318bd01'}",5565339,View,2024-05-23T20:35:51.852428+00:00,2024-05-23T20:35:51.856764+00:00,789,789,True,{'source': 'Country'},/orgs/MSFOCG/sources/MSFOCG/concepts/5564955/5565339/,5565339,False,False,True,4fd14df8-8279-4dfa-bdd3-e1ab26bc0264,Misc,Text,,5166,5565181,5564955,True,True
"{'smart': '0fe1f26338f4a0e6a5fff8850ac42af3', 'standard': '0aa1548f01f3bb99d3c98ade7595cbc7'}",5565341,View,2024-05-23T20:35:51.977102+00:00,2024-05-23T20:35:51.980354+00:00,789,789,True,{'source': 'Country'},/orgs/MSFOCG/sources/MSFOCG/concepts/5565041/5565341/,5565341,True,False,True,e03b381b-a7f4-40eb-964f-51571dc3c48c,Misc,Text,,5166,5565340,5565041,True,True
"{'smart': '1d1d7e830e30a6ed8af84a7ca9f34641', 'standard': 'b42ab221c6df81a4e45fd6fe6678e8fc'}",5565343,View,2024-05-23T20:35:52.117884+00:00,2024-05-23T20:35:52.122919+00:00,789,789,True,{'source': 'Country'},/orgs/MSFOCG/sources/MSFOCG/concepts/5564956/5565343/,5565343,False,False,True,873552ac-9850-4cc1-ae09-17eb0fccf405,Misc,Text,,5166,5565184,5564956,True,True
"{'smart': 'd2d9234c08e8d745fae36fa278fb3fe7', 'standard': 'ca0092640cacec0fe0c1e1e044ab2175'}",5565344,View,2024-05-23T20:35:52.134597+00:00,2024-05-23T20:35:52.138326+00:00,789,789,True,{'source': 'Country'},/orgs/MSFOCG/sources/MSFOCG/concepts/5565042/5565344/,5565344,True,False,True,f66bbb42-684f-42d7-bfcd-95d586eb7dc9,Misc,Text,,5166,5565342,5565042,True,True
"{'smart': '16587298d17dbbdb2e53105a2df577e0', 'standard': '9262921decf0b86e397753a19119e7f5'}",5565346,View,2024-05-23T20:35:52.277427+00:00,2024-05-23T20:35:52.280491+00:00,789,789,True,{'source': 'Country'},/orgs/MSFOCG/sources/MSFOCG/concepts/5565043/5565346/,5565346,True,False,True,fdf495a4-e60c-46f7-a8a2-61a216849086,Misc,Text,,5166,5565345,5565043,True,True
"{'smart': 'd9dcabeeedd7b4271d60c6f7af64e404', 'standard': '8b3d32355455bdf19d628d50459f46eb'}",5565348,View,2024-05-23T20:35:52.379513+00:00,2024-05-23T20:35:52.383771+00:00,789,789,True,{'source': 'Country'},/orgs/MSFOCG/sources/MSFOCG/concepts/5564957/5565348/,5565348,False,False,True,cfbc220a-1d6c-4469-bb6d-a8e3deb4f7e7,Misc,Text,,5166,5565187,5564957,True,True
"{'smart': '88bff22bfdce360f4f8ca0eeb3142546', 'standard': '4b43b6af7864f91cba3ec4cffe31cdf6'}",5565349,View,2024-05-23T20:35:52.428736+00:00,2024-05-23T20:35:52.438844+00:00,789,789,True,{'source': 'Country'},/orgs/MSFOCG/sources/MSFOCG/concepts/5565044/5565349/,5565349,True,False,True,ad948f1b-0733-4f8d-b049-d64289b43a10,Misc,Text,,5166,5565347,5565044,True,True
"{'smart': 'd70873aa8304cdb992dbcf0b6f1e3373', 'standard': '009c95685efb224beade66c309ab709b'}",5565351,View,2024-05-23T20:35:52.628071+00:00,2024-05-23T20:35:52.631314+00:00,789,789,True,{'source': 'Country'},/orgs/MSFOCG/sources/MSFOCG/concepts/5565045/5565351/,5565351,True,False,True,d2e69cef-3bff-4220-ba91-a6a678fb606b,Misc,Text,,5166,5565350,5565045,True,True
"{'smart': '5175ba92c479f2ebfca26b07b28fcde7', 'standard': '39dd02d3a1e99537808f2de9a5ace974'}",5565352,View,2024-05-23T20:35:52.683285+00:00,2024-05-23T20:35:52.688759+00:00,789,789,True,{'source': 'Country'},/orgs/MSFOCG/sources/MSFOCG/concepts/5564958/5565352/,5565352,False,False,True,61a4c4a4-25c2-4459-a874-ec1d24f8323a,Misc,Text,,5166,5565190,5564958,True,True
"{'smart': '5d19878d440df247dcc3856225576ac5', 'standard': 'df35edbd9028a6925c34213a41fd010a'}",5565354,View,2024-05-23T20:35:52.883052+00:00,2024-05-23T20:35:52.886964+00:00,789,789,True,{'source': 'Country'},/orgs/MSFOCG/sources/MSFOCG/concepts/5565046/5565354/,5565354,True,False,True,ffba9caf-b6aa-4078-845e-578f7a7fd566,Misc,Text,,5166,5565353,5565046,True,True
"{'smart': 'd8d5e6e668eb12bcac19f79197f10ffc', 'standard': '8abb8e58105cf7ffb3438150dd01afc9'}",5565356,View,2024-05-23T20:35:52.993010+00:00,2024-05-23T20:35:52.998375+00:00,789,789,True,{'source': 'Country'},/orgs/MSFOCG/sources/MSFOCG/concepts/5564959/5565356/,5565356,False,False,True,9e41e71c-f5d5-456c-a6f9-2129b8055bfc,Misc,Text,,5166,5565193,5564959,True,True
"{'smart': '87fcb0e2508575eb32a0d03ea32db690', 'standard': '5f82673d09832ab35b31116a82950f61'}",5565357,View,2024-05-23T20:35:53.132189+00:00,2024-05-23T20:35:53.138109+00:00,789,789,True,{'source': 'Country'},/orgs/MSFOCG/sources/MSFOCG/concepts/5565047/5565357/,5565357,True,False,True,99c8dccc-4dfa-4d30-86be-42a309ab431f,Misc,Text,,5166,5565355,5565047,True,True
"{'smart': 'ce2da0c3787e044affeaf883dfc2e284', 'standard': 'e3b01d1f86c6797d5d802547dd8321c1'}",5565359,View,2024-05-23T20:35:53.341074+00:00,2024-05-23T20:35:53.345828+00:00,789,789,True,{'source': 'Country'},/orgs/MSFOCG/sources/MSFOCG/concepts/5564960/5565359/,5565359,False,False,True,05333883-44e9-4f57-836a-041391803007,Misc,Text,,5166,5565197,5564960,True,True
"{'smart': 'edee0e955670ed2b480ec896b08a1615', 'standard': 'eed41e1e592dfe78107ca3392e1882f5'}",5565360,View,2024-05-23T20:35:53.426782+00:00,2024-05-23T20:35:53.430172+00:00,789,789,True,{'source': 'Country'},/orgs/MSFOCG/sources/MSFOCG/concepts/5565048/5565360/,5565360,True,False,True,75882d62-1c55-480d-b411-8ca40c3307df,Misc,Text,,5166,5565358,5565048,True,True
"{'smart': '3bae6e352cdd4ba13e7b848e49ebce0a', 'standard': '86cfaa49169ba7c380a4f88699a79638'}",5565362,View,2024-05-23T20:35:53.652625+00:00,2024-05-23T20:35:53.661127+00:00,789,789,True,{'source': 'Country'},/orgs/MSFOCG/sources/MSFOCG/concepts/5564961/5565362/,5565362,False,False,True,15016874-3e20-484a-baa8-9b94e1a3d358,Misc,Text,,5166,5565202,5564961,True,True
"{'smart': '029b0130699270989b07edb3a0577abf', 'standard': 'c476181d34a212efd4e55cc57ae5ea19'}",5565363,View,2024-05-23T20:35:53.695980+00:00,2024-05-23T20:35:53.699609+00:00,789,789,True,{'source': 'Country'},/orgs/MSFOCG/sources/MSFOCG/concepts/5565049/5565363/,5565363,True,False,True,0603d6b9-334f-4443-ab60-7c5d457b95fc,Misc,Text,,5166,5565361,5565049,True,True
"{'smart': '019c67d3d719b311e53b92f36e112eea', 'standard': 'ba0b88c956844daf4486857b157e4173'}",5565365,View,2024-05-23T20:35:53.964991+00:00,2024-05-23T20:35:53.969153+00:00,789,789,True,{'source': 'Country'},/orgs/MSFOCG/sources/MSFOCG/concepts/5565050/5565365/,5565365,True,False,True,f113e24e-2ea9-49a2-9b28-59241b9adb21,Misc,Text,,5166,5565364,5565050,True,True
"{'smart': 'bc7ba96b0a48a517a67b5b1fa3a94357', 'standard': 'eb5cd701fd2859aee8acaf3b1931f425'}",5565366,View,2024-05-23T20:35:53.983496+00:00,2024-05-23T20:35:53.990023+00:00,789,789,True,{'source': 'Country'},/orgs/MSFOCG/sources/MSFOCG/concepts/5564962/5565366/,5565366,False,False,True,a008dff8-ce96-4662-bf8a-372e43d424f0,Misc,Text,,5166,5565206,5564962,True,True
"{'smart': '0b22e3ffec18b01f0d1128c907252a64', 'standard': '7bbaaa70f84f13c401272304af040f1d'}",5565368,View,2024-05-23T20:35:54.229068+00:00,2024-05-23T20:35:54.232482+00:00,789,789,True,{'source': 'Country'},/orgs/MSFOCG/sources/MSFOCG/concepts/5565051/5565368/,5565368,True,False,True,b0031c01-d242-4410-b98b-cc1511590b85,Misc,Text,,5166,5565367,5565051,True,True
"{'smart': '2df8a6feadd171ba3f750d54a77ff3ce', 'standard': 'c076d06cdeb5d7ba7f3572675eb54b75'}",5565370,View,2024-05-23T20:35:54.299436+00:00,2024-05-23T20:35:54.303557+00:00,789,789,True,{'source': 'Country'},/orgs/MSFOCG/sources/MSFOCG/concepts/5564963/5565370/,5565370,False,False,True,9d8738c8-40c2-4c66-aabb-ef176a20ffe8,Misc,Text,,5166,5565239,5564963,True,True
"{'smart': 'e64e9c11f2c4e26b49c0c1452812a322', 'standard': 'be6389d15ee13190bdf33109895d45ce'}",5565371,View,2024-05-23T20:35:54.393771+00:00,2024-05-23T20:35:54.397711+00:00,789,789,True,{'source': 'Country'},/orgs/MSFOCG/sources/MSFOCG/concepts/5565052/5565371/,5565371,True,False,True,2f03a932-2b75-4e8b-9f44-0fcd83c75dc4,Misc,Text,,5166,5565369,5565052,True,True
"{'smart': 'ec0c0644d44505f95abfc82b94840c90', 'standard': 'fe2402cdeac5e40be67291c8e256c447'}",5565373,View,2024-05-23T20:35:54.609524+00:00,2024-05-23T20:35:54.613172+00:00,789,789,True,{'source': 'Country'},/orgs/MSFOCG/sources/MSFOCG/concepts/5565053/5565373/,5565373,True,False,True,c65d3329-98d4-4dd7-89d3-141b70d00eb2,Misc,Text,,5166,5565372,5565053,True,True
"{'smart': '6070d160484215e73ac4b4278eece4ea', 'standard': '0d016e266b693d285839ba4b64f60bcc'}",5565374,View,2024-05-23T20:35:54.753557+00:00,2024-05-23T20:35:54.758538+00:00,789,789,True,{'source': 'Country'},/orgs/MSFOCG/sources/MSFOCG/concepts/5564964/5565374/,5565374,False,False,True,fb52f8c9-40ec-4dc4-92a4-d465612de2ff,Misc,Text,,5166,5565241,5564964,True,True
"{'smart': '69b409f91484ba2571b68c322a0afb1c', 'standard': '30189a801b1670d51b0ec07090c33138'}",5565376,View,2024-05-23T20:35:54.973866+00:00,2024-05-23T20:35:54.978194+00:00,789,789,True,{'source': 'Country'},/orgs/MSFOCG/sources/MSFOCG/concepts/5565054/5565376/,5565376,True,False,True,06a2703b-af17-4e44-83f5-6cc9a8a75320,Misc,Text,,5166,5565375,5565054,True,True
"{'smart': '2d25ae0fd877e89a5bb5d0ae426d6cde', 'standard': '2b937831c9e87381d5da8298c2e1ee31'}",5565378,View,2024-05-23T20:35:55.192287+00:00,2024-05-23T20:35:55.198491+00:00,789,789,True,{'source': 'Country'},/orgs/MSFOCG/sources/MSFOCG/concepts/5564965/5565378/,5565378,False,False,True,513cb36a-3f67-46ea-a789-fcdaca0e26f5,Misc,Text,,5166,5565243,5564965,True,True
"{'smart': '3b9d83e6231461adb153dc2d06af20f6', 'standard': 'f80477df208c733cbd372e562aef0904'}",5565379,View,2024-05-23T20:35:55.365259+00:00,2024-05-23T20:35:55.372355+00:00,789,789,True,{'source': 'Country'},/orgs/MSFOCG/sources/MSFOCG/concepts/5565055/5565379/,5565379,True,False,True,dcdcdc70-a006-4b0a-bac2-7de89b022b65,Misc,Text,,5166,5565377,5565055,True,True
"{'smart': '685781de588aca546e05f22da09102cb', 'standard': '405c2f3196eea966ddd52125328b3bc6'}",5565381,View,2024-05-23T20:35:55.568152+00:00,2024-05-23T20:35:55.573562+00:00,789,789,True,{'source': 'Country'},/orgs/MSFOCG/sources/MSFOCG/concepts/5564966/5565381/,5565381,False,False,True,147c2434-5d7e-420c-8053-ba623301f3f5,Misc,Text,,5166,5565245,5564966,True,True
"{'smart': 'dccbeb74e9fa81939091d6f8120c899b', 'standard': '635a2a52e5310fb2e8b92d7ab6771cfe'}",5565382,View,2024-05-23T20:35:55.621819+00:00,2024-05-23T20:35:55.625514+00:00,789,789,True,{'source': 'Country'},/orgs/MSFOCG/sources/MSFOCG/concepts/5565056/5565382/,5565382,True,False,True,1e34ee55-ef9f-4386-bae6-6995555ded75,Misc,Text,,5166,5565380,5565056,True,True
"{'smart': 'd896d6d0c3739e87c5bf426d64e0ee2e', 'standard': '95545d554d10264a9b61f2bf03a12f5f'}",5565385,View,2024-05-23T20:35:55.879310+00:00,2024-05-23T20:35:55.882722+00:00,789,789,True,{'source': 'Country'},/orgs/MSFOCG/sources/MSFOCG/concepts/5565057/5565385/,5565385,True,False,True,34836c60-5449-48d6-b3c9-c0b3361b9f2c,Misc,Text,,5166,5565383,5565057,True,True
"{'smart': '05c5178787899dc09b7cbd2067df34c7', 'standard': '5b11c7a87d81a66c15c7b748c8944da1'}",5565387,View,2024-05-23T20:35:56.041169+00:00,2024-05-23T20:35:56.045715+00:00,789,789,True,{'source': 'Country'},/orgs/MSFOCG/sources/MSFOCG/concepts/5564967/5565387/,5565387,True,False,True,cf5b334f-1c0f-41fc-ab54-53ff1e942830,Misc,Text,,5166,5565384,5564967,True,True
"{'smart': '0090844abd5a61bf860529e50469400a', 'standard': '5102261772b0fa78d5cba8ea7d47f15d'}",5565388,View,2024-05-23T20:35:56.146525+00:00,2024-05-23T20:35:56.151108+00:00,789,789,True,{'source': 'Country'},/orgs/MSFOCG/sources/MSFOCG/concepts/5565058/5565388/,5565388,True,False,True,050a8eb1-0d77-4f65-a2da-776a13bcd2a4,Misc,Text,,5166,5565386,5565058,True,True
"{'smart': '3b3b863e4700c553d8df20d4962f23e2', 'standard': 'c216ecc7da62a0d72507025b9ea679dc'}",5565391,View,2024-05-23T20:35:56.332101+00:00,2024-05-23T20:35:56.336538+00:00,789,789,True,{'source': 'Country'},/orgs/MSFOCG/sources/MSFOCG/concepts/5564968/5565391/,5565391,True,False,True,f70e51e5-b76c-4c38-9bf2-ef8e1f308ce1,Misc,Text,,5166,5565389,5564968,True,True
"{'smart': 'b0e259b372047dd703c8a994d085c016', 'standard': 'd6bb83f243fb7a03042c3a624771b5f8'}",5565392,View,2024-05-23T20:35:56.405480+00:00,2024-05-23T20:35:56.410091+00:00,789,789,True,{'source': 'Country'},/orgs/MSFOCG/sources/MSFOCG/concepts/5565059/5565392/,5565392,True,False,True,289ac5bd-6434-4837-86bf-b54d22970ac8,Misc,Text,,5166,5565390,5565059,True,True
"{'smart': '9d52f02e8d3d12f86f337a5e23fc765d', 'standard': '200130cfd4485963001581ee27637bd4'}",5565395,View,2024-05-23T20:35:56.574892+00:00,2024-05-23T20:35:56.578588+00:00,789,789,True,{'source': 'Country'},/orgs/MSFOCG/sources/MSFOCG/concepts/5565060/5565395/,5565395,True,False,True,6a583e64-869d-477d-a1c1-746320d45fc4,Misc,Text,,5166,5565394,5565060,True,True
"{'smart': '63c14e6ef60b12c3259b7ad72272afd7', 'standard': '446d6bc1c56fe7049d106593d87d4022'}",5565396,View,2024-05-23T20:35:56.574416+00:00,2024-05-23T20:35:56.580586+00:00,789,789,True,{'source': 'Country'},/orgs/MSFOCG/sources/MSFOCG/concepts/5564969/5565396/,5565396,True,False,True,ce72fc9b-619b-4c32-b865-600e888ad814,Misc,Text,,5166,5565393,5564969,True,True
"{'smart': 'e9d388d06f4136c8bbfab18120fea6df', 'standard': 'd117ac5654c73a9cbfdd81d83fc5a12b'}",5565399,View,2024-05-23T20:35:56.714640+00:00,2024-05-23T20:35:56.717717+00:00,789,789,True,{'source': 'Country'},/orgs/MSFOCG/sources/MSFOCG/concepts/5565061/5565399/,5565399,True,False,True,d381f06d-2365-4f40-948b-cfe90d8cb532,Misc,Text,,5166,5565397,5565061,True,True
"{'smart': '895bf4a8847955f2f616472c23b988b2', 'standard': 'f13bf957888cedf13bcfa51650064fe7'}",5565401,View,2024-05-23T20:35:56.805985+00:00,2024-05-23T20:35:56.813848+00:00,789,789,True,{'source': 'Country'},/orgs/MSFOCG/sources/MSFOCG/concepts/5564970/5565401/,5565401,True,False,True,8f6d3d2a-e09f-473b-99c9-e539f97ceab6,Misc,Text,,5166,5565398,5564970,True,True
"{'smart': '6e2651e4d10b991679c9e13176cb3aa4', 'standard': '2aad2b95bca58d19edab851a16221fbc'}",5565402,View,2024-05-23T20:35:56.877537+00:00,2024-05-23T20:35:56.880534+00:00,789,789,True,{'source': 'Country'},/orgs/MSFOCG/sources/MSFOCG/concepts/5565062/5565402/,5565402,True,False,True,56be7864-fde6-4db3-8fa5-b9dd42cd9c53,Misc,Text,,5166,5565400,5565062,True,True
"{'smart': '6f159bd6f15cc55ae951ef3c8361005e', 'standard': '8cfa1cf43429fb5931a51a291770e5ba'}",5565405,View,2024-05-23T20:35:57.035919+00:00,2024-05-23T20:35:57.044894+00:00,789,789,True,{'source': 'Country'},/orgs/MSFOCG/sources/MSFOCG/concepts/5564971/5565405/,5565405,True,False,True,854f2f66-40e1-4a6a-9dee-09c832a52289,Misc,Text,,5166,5565403,5564971,True,True
"{'smart': '452a6a43fbcfa554fdbc6c362157b826', 'standard': '2f281b92ae188a6b65daad6d772bb987'}",5565406,View,2024-05-23T20:35:57.037140+00:00,2024-05-23T20:35:57.045959+00:00,789,789,True,{'source': 'Country'},/orgs/MSFOCG/sources/MSFOCG/concepts/5565063/5565406/,5565406,True,False,True,7429c779-1d3a-4aec-8256-d0b1637e1bd1,Misc,Text,,5166,5565404,5565063,True,True
"{'smart': '460e72d462a4e5f9b2c7b18a0ca4996a', 'standard': 'af38c52ea28257ea07644b04ca66352c'}",5565409,View,2024-05-23T20:35:57.208110+00:00,2024-05-23T20:35:57.211366+00:00,789,789,True,{'source': 'Country'},/orgs/MSFOCG/sources/MSFOCG/concepts/5565064/5565409/,5565409,True,False,True,3ef17df5-299b-4385-9ea6-572df4b6f9ca,Misc,Text,,5166,5565407,5565064,True,True
"{'smart': '9693607c293c01ae88d7716a0419eeb5', 'standard': '5c613e4e603fc07dd55ba1d1e072c787'}",5565411,View,2024-05-23T20:35:57.288268+00:00,2024-05-23T20:35:57.293831+00:00,789,789,True,{'source': 'Country'},/orgs/MSFOCG/sources/MSFOCG/concepts/5564972/5565411/,5565411,True,False,True,f9810f9a-78a7-42a2-99e6-19c629642386,Misc,Text,,5166,5565408,5564972,True,True
"{'smart': '9f483e30d161788a4dfedafac08c3e3a', 'standard': '64ee2470e25d895e50d341f3f24d6205'}",5565412,View,2024-05-23T20:35:57.389272+00:00,2024-05-23T20:35:57.392600+00:00,789,789,True,{'source': 'Country'},/orgs/MSFOCG/sources/MSFOCG/concepts/5565065/5565412/,5565412,True,False,True,be3d11d3-446d-440c-a582-d01c7cbb0eda,Misc,Text,,5166,5565410,5565065,True,True
"{'smart': '32f54cf47abd2a8d19ab11869dbb9d2f', 'standard': '8761fda6f944568c3a4bc0217d331185'}",5565415,View,2024-05-23T20:35:57.533632+00:00,2024-05-23T20:35:57.538168+00:00,789,789,True,{'source': 'Country'},/orgs/MSFOCG/sources/MSFOCG/concepts/5564973/5565415/,5565415,True,False,True,cc7343f8-9243-4d09-b378-58363850d624,Misc,Text,,5166,5565413,5564973,True,True
"{'smart': 'ed3836a67060a9c6f5f97ba006f0f355', 'standard': '0fa55dff2eac80dfdf2c72b5643d108b'}",5565416,View,2024-05-23T20:35:57.540007+00:00,2024-05-23T20:35:57.544070+00:00,789,789,True,{'source': 'Country'},/orgs/MSFOCG/sources/MSFOCG/concepts/5565066/5565416/,5565416,True,False,True,38c99c8d-2b93-4848-a537-b1865a260bb2,Misc,Text,,5166,5565414,5565066,True,True
"{'smart': 'f1b4d34bb7fc17a907d4587e53b8c31c', 'standard': '347eab1eea992971e6a71d7de68216da'}",5565419,View,2024-05-23T20:35:57.777565+00:00,2024-05-23T20:35:57.782065+00:00,789,789,True,{'source': 'Country'},/orgs/MSFOCG/sources/MSFOCG/concepts/5564974/5565419/,5565419,True,False,True,9a34935e-5a8a-45be-8ccd-cb23192e420f,Misc,Text,,5166,5565418,5564974,True,True
"{'smart': 'a87d7f61557fdef799556167c0904e96', 'standard': '37d87bc961c16cee36ae153fba50f171'}",5565422,View,2024-05-23T20:35:57.911092+00:00,2024-05-23T20:35:57.914511+00:00,789,789,True,{'source': 'Country'},/orgs/MSFOCG/sources/MSFOCG/concepts/5565068/5565422/,5565422,True,False,True,c2e45baf-748b-4d7b-a391-ed6b802b6f94,Misc,Text,,5166,5565420,5565068,True,True
"{'smart': '5b2957fd317d36bfff77d4e6334c4e2d', 'standard': 'ce0e801e93443f456618cfbc0ff54826'}",5565424,View,2024-05-23T20:35:58.007390+00:00,2024-05-23T20:35:58.013617+00:00,789,789,True,{'source': 'Country'},/orgs/MSFOCG/sources/MSFOCG/concepts/5564975/5565424/,5565424,True,False,True,7e591605-d723-4398-982a-8737af63a2dc,Misc,Text,,5166,5565421,5564975,True,True
"{'smart': '9188e438357d698aee5915f82062b309', 'standard': 'd5e7f0307300703ff013b35910546dd6'}",5565425,View,2024-05-23T20:35:58.104373+00:00,2024-05-23T20:35:58.107908+00:00,789,789,True,{'source': 'Country'},/orgs/MSFOCG/sources/MSFOCG/concepts/5565069/5565425/,5565425,True,False,True,60512350-d79b-41aa-aff0-1b28ca4aa5f1,Misc,Text,,5166,5565423,5565069,True,True
"{'smart': '74666984f3fc9426092f9cc8d65e1f8d', 'standard': '279f43e6c6b90e922849e83dbd4d60d7'}",5565428,View,2024-05-23T20:35:58.268530+00:00,2024-05-23T20:35:58.273983+00:00,789,789,True,{'source': 'Country'},/orgs/MSFOCG/sources/MSFOCG/concepts/5565070/5565428/,5565428,True,False,True,557cea4a-0049-4b7a-b373-ed63f294a2a0,Misc,Text,,5166,5565427,5565070,True,True
"{'smart': 'eaac6dc8938621c55cd8caf307b54dbb', 'standard': 'c9fbcde49b473989cf6f78861b339e49'}",5565429,View,2024-05-23T20:35:58.282429+00:00,2024-05-23T20:35:58.287131+00:00,789,789,True,{'source': 'Country'},/orgs/MSFOCG/sources/MSFOCG/concepts/5564976/5565429/,5565429,True,False,True,c61f03c2-0d1f-444f-a974-0a61063aff71,Misc,Text,,5166,5565426,5564976,True,True
"{'smart': 'a45b7148312f84128c7433f9593314ed', 'standard': '56c1e812ff2758b84fd753c519f5f443'}",5565432,View,2024-05-23T20:35:58.444447+00:00,2024-05-23T20:35:58.447774+00:00,789,789,True,{'source': 'Country'},/orgs/MSFOCG/sources/MSFOCG/concepts/5565071/5565432/,5565432,True,False,True,49509c5f-e533-48a8-bf06-86935e3376b2,Misc,Text,,5166,5565430,5565071,True,True
"{'smart': 'c459dbaa2db231a73f9207f7ebddfe26', 'standard': 'b827dcce09f6959a718df0832755b70b'}",5565434,View,2024-05-23T20:35:58.545711+00:00,2024-05-23T20:35:58.550238+00:00,789,789,True,{'source': 'Country'},/orgs/MSFOCG/sources/MSFOCG/concepts/5564977/5565434/,5565434,True,False,True,7478d375-014e-410e-a355-090143e88f5b,Misc,Text,,5166,5565431,5564977,True,True
"{'smart': 'ee04077900da08d18bdb48e006511b13', 'standard': 'cd5b465bf338fbf2ee0cd7b7dbe46f3a'}",5565435,View,2024-05-23T20:35:58.585259+00:00,2024-05-23T20:35:58.588194+00:00,789,789,True,{'source': 'Country'},/orgs/MSFOCG/sources/MSFOCG/concepts/5565072/5565435/,5565435,True,False,True,4086dfd2-f4f5-4107-93e8-07bee235af8f,Misc,Text,,5166,5565433,5565072,True,True
"{'smart': 'e47a8aa220f0296aa67b68f8efef0874', 'standard': '721acd066bd3336db6f52cc8590f716d'}",5565437,View,2024-05-23T20:35:58.667672+00:00,2024-05-23T20:35:58.691198+00:00,789,789,True,{'source': 'Country'},/orgs/MSFOCG/sources/MSFOCG/concepts/5565073/,5565437,False,False,False,6a3214e0-f94b-414c-8148-968e24386671,Misc,Text,,5166,5565437,5565073,True,True
"{'smart': '0aeca02ad1fd79bceaecb758567e1376', 'standard': 'd29f313d5cf7ea5f71ba64311f9c7d64'}",5565438,View,2024-05-23T20:35:58.812818+00:00,2024-05-23T20:35:58.817488+00:00,789,789,True,{'source': 'Country'},/orgs/MSFOCG/sources/MSFOCG/concepts/5564978/5565438/,5565438,True,False,True,9f46ae06-114a-47fa-8f8d-e9749f04da25,Misc,Text,,5166,5565436,5564978,True,True
"{'smart': 'adcc498cce27d2bef22bdd0ae40a5c59', 'standard': 'e9865a84edc02643779675d06a088f44'}",5565440,View,2024-05-23T20:35:58.961706+00:00,2024-05-23T20:35:58.979444+00:00,789,789,True,{'source': 'Country'},/orgs/MSFOCG/sources/MSFOCG/concepts/5565074/,5565440,False,False,False,3ec0432d-ea37-4159-a658-29d6f07fe21a,Misc,Text,,5166,5565440,5565074,True,True
"{'smart': 'cf67b1832750d51ec57ee2556411f0cc', 'standard': 'ba93a346c61f1ef3a6e3e12ee17df0fd'}",5565443,View,2024-05-23T20:35:59.127574+00:00,2024-05-23T20:35:59.134856+00:00,789,789,True,{'source': 'Country'},/orgs/MSFOCG/sources/MSFOCG/concepts/5564979/5565443/,5565443,True,False,True,5ec7ddd7-14a5-48ec-9e7c-8896d1010655,Misc,Text,,5166,5565441,5564979,True,True
"{'smart': '3a5b15a840ff4beeb5154298cfa83196', 'standard': '96e584c901e95c56bad92e867a0e4194'}",5565444,View,2024-05-23T20:35:59.283875+00:00,2024-05-23T20:35:59.302010+00:00,789,789,True,{'source': 'Country'},/orgs/MSFOCG/sources/MSFOCG/concepts/5565075/,5565444,False,False,False,ce1b0d8d-0a2d-4f93-a6ed-64aca2fd0f45,Misc,Text,,5166,5565444,5565075,True,True
"{'smart': '31b5e076cefe7a361f6e0db20179df21', 'standard': '9b1a33a797faa4e0aea081448530e337'}",5565445,View,2024-05-23T20:35:59.283341+00:00,2024-05-23T20:35:59.306819+00:00,789,789,True,{'source': 'Country'},/orgs/MSFOCG/sources/MSFOCG/concepts/5564980/,5565445,False,False,False,bc71788f-db69-4b6f-8d1c-57a74395bdd2,Misc,Text,,5166,5565445,5564980,True,True
"{'smart': 'c4b615d3e0e2102a5181b14729ee601b', 'standard': 'b03544b1becb1e2b21d03b80ad5734bc'}",5565448,View,2024-05-23T20:35:59.540873+00:00,2024-05-23T20:35:59.560711+00:00,789,789,True,{'source': 'Country'},/orgs/MSFOCG/sources/MSFOCG/concepts/5564981/,5565448,False,False,False,2eb4ff46-d908-4148-9b0d-40ccfc1a655a,Misc,Text,,5166,5565448,5564981,True,True
"{'smart': '117bd2b7285999cca55039f20ec23d29', 'standard': '2c668563a7bbe8206b215c9e36df7308'}",5565450,View,2024-05-23T20:35:59.764228+00:00,2024-05-23T20:35:59.782457+00:00,789,789,True,{'source': 'Country'},/orgs/MSFOCG/sources/MSFOCG/concepts/5564982/,5565450,False,False,False,b75d6bcc-fadf-4141-8d0f-2463154b89f7,Misc,Text,,5166,5565450,5564982,True,True
"{'smart': '2ca2061e8fc39abc21c7be9e2ffd791f', 'standard': '5fd28d535f0f0d8404c0e0011a64c309'}",5565452,View,2024-05-23T20:35:59.989197+00:00,2024-05-23T20:36:00.034692+00:00,789,789,True,{'source': 'Country'},/orgs/MSFOCG/sources/MSFOCG/concepts/5564983/,5565452,False,False,False,51fa502b-98a3-4c42-b5fd-7b4d64489bb9,Misc,Text,,5166,5565452,5564983,True,True
"{'smart': 'a80cd430a88bde4a2e4fc154840cd6cf', 'standard': '38f692af097b8fd089482953507acd72'}",5565454,View,2024-05-23T20:36:00.291637+00:00,2024-05-23T20:36:00.310424+00:00,789,789,True,{'source': 'Country'},/orgs/MSFOCG/sources/MSFOCG/concepts/5564984/,5565454,False,False,False,3725a4d2-b28f-466b-905a-bafeaeb75855,Misc,Text,,5166,5565454,5564984,True,True
"{'smart': '6519e5af37ce2223e67cae31222d8fa3', 'standard': '22adff34281f9f40a351120bd569c64d'}",5565456,View,2024-05-23T20:36:00.525878+00:00,2024-05-23T20:36:00.544136+00:00,789,789,True,{'source': 'Country'},/orgs/MSFOCG/sources/MSFOCG/concepts/5564985/,5565456,False,False,False,eeaff39c-8afd-43f7-b9a0-53729f5df1d8,Misc,Text,,5166,5565456,5564985,True,True
"{'smart': 'f3649a5ada2172bc01ebf7bfddfeae37', 'standard': '45c9da55aa9a5e32aa736a8adb4c07eb'}",5565458,View,2024-05-23T20:36:00.745491+00:00,2024-05-23T20:36:00.764813+00:00,789,789,True,{'source': 'Country'},/orgs/MSFOCG/sources/MSFOCG/concepts/5564986/,5565458,False,False,False,14e90203-9197-42ea-9222-acafd2fd6984,Misc,Text,,5166,5565458,5564986,True,True
"{'smart': '9f37156a616f93a87d748341c2416b2c', 'standard': 'cfb65b2b93123646486d73d6a8f87446'}",5565460,View,2024-05-23T20:36:00.971718+00:00,2024-05-23T20:36:00.997057+00:00,789,789,True,{'source': 'Country'},/orgs/MSFOCG/sources/MSFOCG/concepts/5564987/,5565460,False,False,False,ba4dfa7e-f3cd-4e94-8ca7-6b96a93378a8,Misc,Text,,5166,5565460,5564987,True,True
"{'smart': '243bc7232c1eb2dbcf020db4506f8aaf', 'standard': 'bc43458d13a0e4672c6b8f44a297496b'}",5565462,View,2024-05-23T20:36:01.200419+00:00,2024-05-23T20:36:01.220150+00:00,789,789,True,{'source': 'Country'},/orgs/MSFOCG/sources/MSFOCG/concepts/5564988/,5565462,False,False,False,f76f7dcb-f82e-4257-a627-1685ff3f3586,Misc,Text,,5166,5565462,5564988,True,True
"{'smart': '5531730c362a2923e5e8ee026d9320e3', 'standard': 'c5b66de50329ca4f53e3e59ca10f651a'}",5565464,View,2024-05-23T20:36:01.441674+00:00,2024-05-23T20:36:01.460429+00:00,789,789,True,{'source': 'Country'},/orgs/MSFOCG/sources/MSFOCG/concepts/5564989/,5565464,False,False,False,cdd1336e-495b-4868-aace-57a84442d6fd,Misc,Text,,5166,5565464,5564989,True,True
"{'smart': '3dc9e0302051b737ba80db6fea719b8f', 'standard': 'bda8b74713f53667cf175fb40dde2f77'}",5565466,View,2024-05-23T20:36:01.707895+00:00,2024-05-23T20:36:01.731644+00:00,789,789,True,{'source': 'Country'},/orgs/MSFOCG/sources/MSFOCG/concepts/5564990/,5565466,False,False,False,378d0107-eb43-485d-930c-0704b4e5aa11,Misc,Text,,5166,5565466,5564990,True,True
"{'smart': '5366a454e66a9b4ce7c6cb1b0cc2c503', 'standard': '16aaf862e28fe632ab8c3da584ff6095'}",5565468,View,2024-05-23T20:36:01.957326+00:00,2024-05-23T20:36:01.975807+00:00,789,789,True,{'source': 'Country'},/orgs/MSFOCG/sources/MSFOCG/concepts/5564991/,5565468,False,False,False,1cbe17e6-adc2-4680-bee0-54d94af75ebf,Misc,Text,,5166,5565468,5564991,True,True
"{'smart': '487e832c496fa1b8c354e8566be468ac', 'standard': '032c886a0e357f44af26a77e585ae713'}",5565470,View,2024-05-23T20:36:02.197222+00:00,2024-05-23T20:36:02.216726+00:00,789,789,True,{'source': 'Country'},/orgs/MSFOCG/sources/MSFOCG/concepts/5564992/,5565470,False,False,False,b422270e-d8af-4a32-b523-742545a17a3f,Misc,Text,,5166,5565470,5564992,True,True
"{'smart': '9d1349ad22b1e5c599ed2a80df267a58', 'standard': 'c29cef191e89ca679741dfaef659f74e'}",5565472,View,2024-05-23T20:36:02.429920+00:00,2024-05-23T20:36:02.450146+00:00,789,789,True,{'source': 'Country'},/orgs/MSFOCG/sources/MSFOCG/concepts/5564993/,5565472,False,False,False,03aa7d6e-7656-48e4-8dc0-5e27706722c0,Misc,Text,,5166,5565472,5564993,True,True
"{'smart': '76dc65e45624fdc9f62967951b8fadab', 'standard': 'ed6f6dff665e71fbc556f2f4a6cb3b69'}",5565474,View,2024-05-23T20:36:02.684910+00:00,2024-05-23T20:36:02.710022+00:00,789,789,True,{'source': 'Country'},/orgs/MSFOCG/sources/MSFOCG/concepts/5564994/,5565474,False,False,False,842f963c-f84d-4076-a8db-337295fd9b91,Misc,Text,,5166,5565474,5564994,True,True
"{'smart': '64b959616228ed0d7396de37145089cb', 'standard': 'ccf6be6c4564236f15a83cb1e54db737'}",5565476,View,2024-05-23T20:36:02.936094+00:00,2024-05-23T20:36:02.956306+00:00,789,789,True,{'source': 'Country'},/orgs/MSFOCG/sources/MSFOCG/concepts/5564995/,5565476,False,False,False,6f6d0e78-2c81-411d-8d13-367e250dc110,Misc,Text,,5166,5565476,5564995,True,True
"{'smart': '82b743ef6c9523b64620cf4dda247586', 'standard': '15b19228ac554230a152cbd542a72bf5'}",5565478,View,2024-05-23T20:36:03.246231+00:00,2024-05-23T20:36:03.265012+00:00,789,789,True,{'source': 'Country'},/orgs/MSFOCG/sources/MSFOCG/concepts/5564996/,5565478,False,False,False,ad351a33-8846-4cad-8195-b07b6041d4a5,Misc,Text,,5166,5565478,5564996,True,True
"{'smart': 'd2b1f37e825cafebea4edb857505c8e9', 'standard': '5d71456597f798aa2cd1b5660053609b'}",5565480,View,2024-05-23T20:36:03.485955+00:00,2024-05-23T20:36:03.504723+00:00,789,789,True,{'source': 'Country'},/orgs/MSFOCG/sources/MSFOCG/concepts/5564997/,5565480,False,False,False,4aee7a88-cda9-454e-9f25-4a6420270417,Misc,Text,,5166,5565480,5564997,True,True
"{'smart': '6a6af0acca1d87aa0938fce5f8a9cff3', 'standard': '449dc945e1573507039467126acdabf0'}",5565482,View,2024-05-23T20:36:03.725680+00:00,2024-05-23T20:36:03.743945+00:00,789,789,True,{'source': 'Country'},/orgs/MSFOCG/sources/MSFOCG/concepts/5564998/,5565482,False,False,False,ace3b851-042b-46a6-8fea-68aae042d614,Misc,Text,,5166,5565482,5564998,True,True
"{'smart': 'c182ae17ef47ee7bc27b8349bddc6362', 'standard': 'ca8d0c0548243302a5d557ceccac1665'}",5565484,View,2024-05-23T20:36:03.958852+00:00,2024-05-23T20:36:03.982631+00:00,789,789,True,{'source': 'Country'},/orgs/MSFOCG/sources/MSFOCG/concepts/5564999/,5565484,False,False,False,dfb01b39-c224-459e-b045-dd9461b9a1e5,Misc,Text,,5166,5565484,5564999,True,True
"{'smart': '1e3fb63b6f3d50e600cad8a9fe0894df', 'standard': '4e2dbc5493d82e7ad1c1109bece59684'}",5565486,View,2024-05-23T20:36:04.218999+00:00,2024-05-23T20:36:04.240505+00:00,789,789,True,{'source': 'Country'},/orgs/MSFOCG/sources/MSFOCG/concepts/5565000/,5565486,False,False,False,7de78f22-f53e-48d2-923f-ae1e4d814f46,Misc,Text,,5166,5565486,5565000,True,True
"{'smart': 'a545cefe56bec5ed658ae7cb95ebc289', 'standard': '711c8d7bed4638d827c8c5abb55ee75f'}",5565488,View,2024-05-23T20:36:04.491234+00:00,2024-05-23T20:36:04.514882+00:00,789,789,True,{'source': 'Country'},/orgs/MSFOCG/sources/MSFOCG/concepts/5565001/,5565488,False,False,False,b35b29c5-9bb7-4b40-ad33-29eecd28a9e6,Misc,Text,,5166,5565488,5565001,True,True
"{'smart': '5fb3c7a4723c909479781c93fa27380b', 'standard': 'a2c35f56b86df9e67919272ecb1c1569'}",5565490,View,2024-05-23T20:36:04.802395+00:00,2024-05-23T20:36:04.824964+00:00,789,789,True,{'source': 'Country'},/orgs/MSFOCG/sources/MSFOCG/concepts/5565002/,5565490,False,False,False,a5fd61b4-fd27-433d-8428-7e88a7f27921,Misc,Text,,5166,5565490,5565002,True,True
"{'smart': '5ddd94cc342836fc2643a0835102768f', 'standard': 'fe79fca5a76e9c42ce5cfe7bdd083fa5'}",5565492,View,2024-05-23T20:36:05.088060+00:00,2024-05-23T20:36:05.112691+00:00,789,789,True,{'source': 'Country'},/orgs/MSFOCG/sources/MSFOCG/concepts/5565003/,5565492,False,False,False,600c6af4-b767-423c-b942-7f06ca467258,Misc,Text,,5166,5565492,5565003,True,True
"{'smart': '3931dc6224dc4dc8d629bff296eeb67e', 'standard': 'ed10d42902315dc8106e7f971c269dae'}",5565494,View,2024-05-23T20:36:05.380439+00:00,2024-05-23T20:36:05.406638+00:00,789,789,True,{'source': 'Country'},/orgs/MSFOCG/sources/MSFOCG/concepts/5565004/,5565494,False,False,False,5837cc40-9ab5-4088-91c8-ca6e4b57e903,Misc,Text,,5166,5565494,5565004,True,True
"{'smart': 'bb5cb1f482467400aeda5e8c6ac9e289', 'standard': 'bcbf4238268071cdd6a827d06ce7d3f3'}",5565497,View,2024-05-23T20:41:59.594097+00:00,2024-05-23T20:41:59.600584+00:00,789,789,True,{},/orgs/MSFOCG/sources/MSFOCG/concepts/5565076/5565497/,5565497,True,False,True,3dc96ee4-daea-4460-b141-6b31f7b7ae93,Misc,Coded,,5166,5565496,5565076,True,True
"{'smart': '3e0b65d15156bc5cc2d32d36c03f19e2', 'standard': '8afdea544bb35ff38ac7d883aa4792a8'}",5565499,View,2024-05-23T21:02:42.755380+00:00,2024-05-23T21:02:42.761633+00:00,789,789,True,{},/orgs/MSFOCG/sources/MSFOCG/concepts/5565077/5565499/,5565499,True,False,True,ab962200-f378-4d25-8c82-60e2394ed582,Misc,Text,,5166,5565498,5565077,True,True
"{'smart': '06c1b88b3c1166865d47742c55c4c24b', 'standard': 'cb77f60f097a24c973c041fcef51d665'}",5565501,View,2024-05-23T21:02:58.233991+00:00,2024-05-23T21:02:58.240538+00:00,789,789,True,{},/orgs/MSFOCG/sources/MSFOCG/concepts/5565078/5565501/,5565501,True,False,True,2d2e4391-452a-4d9f-94a4-6accbde8e613,Misc,Text,,5166,5565500,5565078,True,True
"{'smart': '99f8df4710ad1019c0f16186d4382024', 'standard': 'c262a0378fd0ab8e8aa37d3f63c94e91'}",5565503,View,2024-05-23T21:03:19.512070+00:00,2024-05-23T21:03:19.520086+00:00,789,789,True,{},/orgs/MSFOCG/sources/MSFOCG/concepts/5565079/5565503/,5565503,True,False,True,610cefa9-f84f-4b2d-aef7-906f17f61869,Misc,Text,,5166,5565502,5565079,True,True
"{'smart': '7f1e9062c0f1d5b4e6eea80dba713222', 'standard': 'b4cd826c93ac69b6b17121d57bd9a809'}",5565505,View,2024-05-23T21:03:47.238063+00:00,2024-05-23T21:03:47.244262+00:00,789,789,True,{},/orgs/MSFOCG/sources/MSFOCG/concepts/5565080/5565505/,5565505,True,False,True,610e573a-157f-475b-93d3-6afbcf74e71b,Misc,Text,,5166,5565504,5565080,True,True
"{'smart': '98f9a61d052d1e05537a711daabb47aa', 'standard': '230ae50d023ee489a4523681974bf400'}",5565507,View,2024-05-23T21:04:20.882917+00:00,2024-05-23T21:04:20.889162+00:00,789,789,True,{},/orgs/MSFOCG/sources/MSFOCG/concepts/5565081/5565507/,5565507,True,False,True,6c398186-0d2c-4129-bf39-344b1a091511,Misc,Boolean,,5166,5565506,5565081,True,True
"{'smart': 'e7bf639f036ce390d57ed19577988c1f', 'standard': '9e885454f023a0b8268217c56df31f9c'}",5565509,View,2024-05-23T21:04:42.248891+00:00,2024-05-23T21:04:42.270340+00:00,789,789,True,{},/orgs/MSFOCG/sources/MSFOCG/concepts/5565082/5565509/,5565509,True,False,True,468aa4ac-10c1-4189-944b-6d4b134838c9,Misc,Text,,5166,5565508,5565082,True,True
"{'smart': '31c14bc3c68fee466ffdf86bb26b8f40', 'standard': '8544bf3f9114f2813663cbbcef496312'}",5565511,View,2024-05-23T21:04:58.262183+00:00,2024-05-23T21:04:58.269550+00:00,789,789,True,{},/orgs/MSFOCG/sources/MSFOCG/concepts/5565083/5565511/,5565511,True,False,True,b81e2108-a22e-4fc5-83e2-4d59a48e6769,Misc,Text,,5166,5565510,5565083,True,True
"{'smart': '1a23c6afac1b71ed627f5944eeaedd03', 'standard': 'd2f778c4d0013853c12de1ae182f61d7'}",5565513,View,2024-05-23T21:05:15.794225+00:00,2024-05-23T21:05:15.800775+00:00,789,789,True,{},/orgs/MSFOCG/sources/MSFOCG/concepts/5565084/5565513/,5565513,True,False,True,66f66a8b-7517-4603-895f-ef93831dcbd4,Misc,Text,,5166,5565512,5565084,True,True
"{'smart': '7bfdc98770add8f6b3779e57f23d4f5b', 'standard': '30d283cc411ca56aea58210859273ed1'}",5565515,View,2024-05-23T21:05:34.189643+00:00,2024-05-23T21:05:34.196590+00:00,789,789,True,{},/orgs/MSFOCG/sources/MSFOCG/concepts/5565085/5565515/,5565515,True,False,True,1cc30f31-cb1d-440c-9ea5-826bd71e2b29,Misc,Text,,5166,5565514,5565085,True,True
"{'smart': 'f6d5caca1ef36f9bcaad50737bf370be', 'standard': '8fe016e9c588e8eb6d6d5ce05809cf79'}",5565517,View,2024-05-23T21:05:55.357874+00:00,2024-05-23T21:05:55.365679+00:00,789,789,True,{},/orgs/MSFOCG/sources/MSFOCG/concepts/5565086/5565517/,5565517,True,False,True,b66816ea-1783-4909-a34f-e8db1abf003d,Misc,Boolean,,5166,5565516,5565086,True,True
"{'smart': 'ea5160d102950a2ddf9644cda6666dd4', 'standard': '3cd97a38e7dd6fff6316cacc9191d809'}",5623319,View,2024-05-28T00:00:16.320042+00:00,2024-05-28T00:00:16.326111+00:00,789,789,True,"{'definition': ""The individual's employment.""}",/orgs/MSFOCG/sources/MSFOCG/concepts/5564919/5623319/,5623319,False,False,True,e35ca42c-031e-4dc2-83fe-a926b3de4d12,Question,Coded,UUID,5166,5564919,5564919,True,True
"{'smart': '910be8a198e14216f20c9d03e42e7314', 'standard': 'f4a954f2259b039b5a15881b39a8b03c'}",5623320,View,2024-05-28T00:52:43.859184+00:00,2024-05-28T00:52:43.884122+00:00,789,789,True,{'definition': 'Legal status of a contracting party with reference to the marriage laws or customs of his/her country'},/orgs/MSFOCG/sources/MSFOCG/concepts/5564907/5623320/,5623320,False,False,True,544ef960-3b65-4add-8795-96b2b084faa3,Question,Coded,UUID,5166,5564907,5564907,True,True
"{'smart': '9019812819e68022f02f05a66b80b6d3', 'standard': '242b99dea49ac3081da7ab6027d944a3'}",5623321,View,2024-05-28T00:53:19.046801+00:00,2024-05-28T00:53:19.052738+00:00,789,789,True,{'definition': 'Legal status of a person'},/orgs/MSFOCG/sources/MSFOCG/concepts/5506293/5623321/,5623321,False,False,True,9728c2ff-a489-4e97-94d0-07e02f403baa,Question,Coded,UUID,5166,5506293,5506293,True,True
