﻿checksums,id,public access,created at,updated at,created_by_id,updated_by_id,is active,extras,uri,version,released,retired,is latest version,custom validation schema,parent_id,map type,sort weight,external id,comment,versioned_object_id,mnemonic,from_concept_id,to_concept_id,to_source_id,from_source_id,from concept code,from concept name,from source url,from source version,to concept code,to concept name,to source url,to source version, counted, index
"{'smart': '78c6e38b47206f56ae724c552f05ee07', 'standard': '93dd07d44ca4b5ead23952ba1af3392d'}",5171221,View,2023-08-08T16:32:22.947156+00:00,2023-08-09T16:40:08.043910+00:00,783,783,True,{},/orgs/MSF/sources/MSF/mappings/151/,5171221,False,False,False,,4570,SAME-AS,,151,,5171221,151,3310907,89266,42,4570,1,,/orgs/MSF/sources/MSF/,,166102,,/orgs/CIEL/sources/CIEL/,,True,True
"{'smart': '621f12af6d8f6b84c220746dd01a4c8a', 'standard': 'a1f4c58619d25f8ac1e0071864020b72'}",5171227,View,2023-08-08T16:32:23.087619+00:00,2023-08-09T16:40:08.222243+00:00,783,783,True,{},/orgs/MSF/sources/MSF/mappings/154/,5171227,False,False,False,,4570,SAME-AS,,154,,5171227,154,3311145,465889,42,4570,2,,/orgs/MSF/sources/MSF/,,166574,,/orgs/CIEL/sources/CIEL/,,True,True
"{'smart': 'c7695fe6685f6dead967f382f045f80d', 'standard': 'cff17eba4987ce9e621d2b49c336ecdd'}",5171235,View,2023-08-08T16:32:23.227606+00:00,2023-08-09T16:40:08.362779+00:00,783,783,True,{},/orgs/MSF/sources/MSF/mappings/158/,5171235,False,False,False,,4570,SAME-AS,,158,,5171235,158,3311796,102719,42,4570,3,,/orgs/MSF/sources/MSF/,,166103,,/orgs/CIEL/sources/CIEL/,,True,True
"{'smart': 'f7df4aae4016aeaa8ff959684f14aa5e', 'standard': 'f1d49182710b906e5855c6adabece1c7'}",5171242,View,2023-08-08T16:32:23.362114+00:00,2023-08-09T16:40:08.530871+00:00,783,783,True,{},/orgs/MSF/sources/MSF/mappings/162/,5171242,False,False,False,,4570,SAME-AS,,162,,5171242,162,3312212,3052,42,4570,4,,/orgs/MSF/sources/MSF/,,1533,,/orgs/CIEL/sources/CIEL/,,True,True
"{'smart': '535c272fd73df5ca15dc0428a81c78f4', 'standard': 'fe19e52e35f4ffe96e8ae3bd5d19b346'}",5171249,View,2023-08-08T16:32:23.505904+00:00,2023-08-09T16:40:08.702401+00:00,783,783,True,{},/orgs/MSF/sources/MSF/mappings/165/,5171249,False,False,False,,4570,SAME-AS,,165,,5171249,165,3312624,3689,42,4570,5,,/orgs/MSF/sources/MSF/,,1534,,/orgs/CIEL/sources/CIEL/,,True,True
"{'smart': '1fb2b05b718b0fd1f19d91d5099f8fe9', 'standard': 'a5ac8d57115240104c7346a813206b52'}",5171257,View,2023-08-08T16:32:23.637266+00:00,2023-08-09T16:40:08.878150+00:00,783,783,True,{},/orgs/MSF/sources/MSF/mappings/169/,5171257,False,False,False,,4570,SAME-AS,,169,,5171257,169,3313022,4955,42,4570,6,,/orgs/MSF/sources/MSF/,,1535,,/orgs/CIEL/sources/CIEL/,,True,True
"{'smart': '07d789afc873a6fefdeb9621379d959f', 'standard': '036c02525384b4940e279311d6ff7d9f'}",5171274,View,2023-08-08T16:32:23.964558+00:00,2023-08-09T16:40:09.347388+00:00,783,783,True,{},/orgs/MSF/sources/MSF/mappings/178/,5171274,False,False,False,,4570,SAME-AS,,178,,5171274,178,3314203,449552,42,4570,9,,/orgs/MSF/sources/MSF/,,166575,,/orgs/CIEL/sources/CIEL/,,True,True
"{'smart': '30f4bce8646f842268ff4ab6d8bd593f', 'standard': '15c8edcb444a51662353057d88e9db3b'}",5171319,View,2023-08-08T16:32:25.065206+00:00,2023-08-09T16:40:10.355411+00:00,783,783,True,{},/orgs/MSF/sources/MSF/mappings/200/,5171319,False,False,False,,4570,SAME-AS,,200,,5171319,200,3314881,81540,42,4570,19,,/orgs/MSF/sources/MSF/,,165915,,/orgs/CIEL/sources/CIEL/,,True,True
"{'smart': '08b3460c80558c161a5c34663cdd0315', 'standard': '7a053751393941028ce099ee6f5bb321'}",5171325,View,2023-08-08T16:32:25.214007+00:00,2023-08-09T16:40:10.517272+00:00,783,783,True,{},/orgs/MSF/sources/MSF/mappings/204/,5171325,False,False,False,,4570,BROADER-THAN,,204,,5171325,204,3314881,851222,32,4570,19,,/orgs/MSF/sources/MSF/,,77983-5,,/orgs/Regenstrief/sources/LOINC/,,True,True
"{'smart': '112a3a3a1bca22570fe34710df5f05a2', 'standard': 'f4673322791ef63f963b57686783ad8d'}",5171429,View,2023-08-08T16:32:27.239579+00:00,2023-08-09T16:40:12.884151+00:00,783,783,True,{},/orgs/MSF/sources/MSF/mappings/255/,5171429,False,False,False,,4570,SAME-AS,,255,,5171429,255,3311965,92932,42,4570,34,,/orgs/MSF/sources/MSF/,,159635,,/orgs/CIEL/sources/CIEL/,,True,True
"{'smart': '34e6f98c6b8290714d2e455b612446f6', 'standard': '3986c46b442926dff16967f444376eab'}",5187039,View,2023-08-09T14:53:38.146532+00:00,2023-08-09T14:53:38.207730+00:00,783,1,True,{},/orgs/MSF/sources/MSF/mappings/5367/,5187039,False,False,False,,4570,SAME-AS,,4146,,5187039,5367,3316988,88844,42,4570,1,,,,145413,,,,True,True
"{'smart': '2be2cab2d6f9f79e21887f0a9b5774c6', 'standard': '1e5ee4ed68f573489bcff4ace48dcda2'}",5187041,View,2023-08-09T14:53:38.382419+00:00,2023-08-09T14:53:38.406597+00:00,783,1,True,{},/orgs/MSF/sources/MSF/mappings/5368/,5187041,False,False,False,,4570,NARROWER-THAN,,4147,,5187041,5368,3316988,568091,1062,4570,1,,/orgs/CIEL/sources/CIEL/,,N72,,/orgs/WHO/sources/ICD-10-WHO/,,True,True
"{'smart': '8929058a55fc76cfab88909083062410', 'standard': '5d23a82d5904881d24729c01e3f12b97'}",5187047,View,2023-08-09T14:53:38.771439+00:00,2023-08-09T14:53:38.785965+00:00,783,1,True,{},/orgs/MSF/sources/MSF/mappings/5371/,5187047,False,False,False,,4570,SAME-AS,,4150,,5187047,5371,3316988,3316988,4570,4570,1,,/orgs/CIEL/sources/CIEL/,,1,,/orgs/CIEL/sources/CIEL/,,True,True
"{'smart': '6347253b8481e652c79660240650fa22', 'standard': '09cf5fe8832748a0d99870c066450c66'}",5194223,View,2023-08-09T16:41:11.855206+00:00,2023-08-09T16:41:11.860771+00:00,783,783,True,{},/orgs/MSF/sources/MSF/mappings/1996/5194223/,5194223,False,False,True,,4570,SAME-AS,,1996,,5174910,1996,3313172,101071,42,4570,1471,,/orgs/MSF/sources/MSF/,,159465,,/orgs/CIEL/sources/CIEL/,,True,True
"{'smart': 'c8130e56a5d3a9f6073145975e6287de', 'standard': 'cc2f468635f9cc733132cfe9f5f624ce'}",7025323,View,2024-03-15T07:36:30.481298+00:00,2024-03-15T07:36:30.483690+00:00,1,1,True,{},/orgs/CIEL/sources/CIEL/mappings/1278071/7025323/,7025323,False,False,False,,42,SAME-AS,,288828ABBBBBBBBBBBBBBBBBBBBBBBBBBBBB,,1278071,1278071,313750,313750,42,42,166416,,/orgs/CIEL/sources/CIEL/,,166416,,/orgs/CIEL/sources/CIEL/,,True,True
"{'smart': 'ca8f9e5e983db4377ad916b05ea41ecd', 'standard': '84352db5f1fea3c04264f2cdd633f0f3'}",7025326,View,2024-03-15T07:36:30.688370+00:00,2024-03-15T07:36:30.692113+00:00,1,1,True,{},/orgs/CIEL/sources/CIEL/mappings/1278074/7025326/,7025326,False,False,False,,42,SAME-AS,,288830ABBBBBBBBBBBBBBBBBBBBBBBBBBBBB,,1278074,1278074,300464,300464,42,42,166417,,/orgs/CIEL/sources/CIEL/,,166417,,/orgs/CIEL/sources/CIEL/,,True,True
"{'smart': '78be9ba53af688d095f42d646824e173', 'standard': 'c9df78207438e5b072e447bf1940d828'}",7036729,View,2024-03-15T07:52:39.492706+00:00,2024-03-15T07:52:39.498548+00:00,1,1,True,{},/orgs/CIEL/sources/CIEL/mappings/5146949/7036729/,7036729,False,False,False,,42,SAME-AS,,04d44353-af82-4ccc-808a-6a7255f90aed,,5146949,5146949,3121813,1095828,32,42,168130,,/orgs/CIEL/sources/CIEL/,,71728-0,,/orgs/Regenstrief/sources/LOINC/,,True,True
"{'smart': '086dda1adab957008aaf90a49bdcbd4b', 'standard': '3ec0565db1d31c4dc1dbfd4a716ca68f'}",7036732,View,2024-03-15T07:52:39.630958+00:00,2024-03-15T07:52:39.632742+00:00,1,1,True,{},/orgs/CIEL/sources/CIEL/mappings/5146955/7036732/,7036732,False,False,False,,42,SAME-AS,,66f4e137-0484-414e-8bab-d8c89b15e4f5,,5146955,5146955,3121813,3121813,42,42,168130,,/orgs/CIEL/sources/CIEL/,,168130,,/orgs/CIEL/sources/CIEL/,,True,True
"{'smart': 'bcc1f8901f8841ab1da4c45d3e334724', 'standard': 'bcc1f8901f8841ab1da4c45d3e334724'}",7277231,View,2024-04-19T13:54:24.704852+00:00,2024-04-19T13:54:24.765556+00:00,789,789,True,{},/orgs/MSFOCG/sources/MSFOCG/mappings/1/,7277231,False,False,False,,5166,SAME-AS,,,,7277231,1,5506293,3313454,4570,5166,5506293,,,,1527,,,,True,True
"{'smart': '5b1210475adb6755406831558e226abd', 'standard': '5b1210475adb6755406831558e226abd'}",7277236,View,2024-04-19T13:54:25.672763+00:00,2024-04-19T13:54:25.679393+00:00,789,789,True,{},/orgs/MSFOCG/sources/MSFOCG/mappings/3/7277236/,7277236,False,False,True,,5166,SAME-AS,,,,7277235,3,5506297,3313462,4570,5166,5506297,,,,1529,,,,True,True
"{'smart': 'eb4884da91e2b5b3b090cf4ddacedeeb', 'standard': 'fb5e43ea584b8b322f8facb2cb24455f'}",7277246,View,2024-04-19T13:54:26.916382+00:00,2024-04-19T13:54:26.925595+00:00,789,789,True,{},/orgs/MSFOCG/sources/MSFOCG/mappings/8/7277246/,7277246,False,False,True,,5166,SAME-AS,,,,7277245,8,5506293,2763401,42,5166,5506293,,/orgs/MSF/sources/MSF/,,167823,,/orgs/CIEL/sources/CIEL/,,True,True
"{'smart': 'e6c7a7cee7899534016cacdd9c2e39e0', 'standard': 'de30ff698a0126c03f56671b3cb357ed'}",7277248,View,2024-04-19T13:54:27.287505+00:00,2024-04-19T13:54:27.294234+00:00,789,789,True,{},/orgs/MSFOCG/sources/MSFOCG/mappings/9/7277248/,7277248,False,False,True,,5166,SAME-AS,,,,7277247,9,5506293,,17,5166,5506293,,/orgs/MSF/sources/MSF/,,8625004,,/orgs/IHTSDO/sources/SNOMED-CT/,,True,True
"{'smart': '570074f49d7b666c7807fc36a7faa679', 'standard': '570074f49d7b666c7807fc36a7faa679'}",7514187,View,2024-05-22T08:22:43.365634+00:00,2024-05-22T08:22:43.374690+00:00,789,789,True,{},/orgs/MSFOCG/sources/MSFOCG/mappings/39/7514187/,7514187,False,False,True,,5166,SAME-AS,,,,7514186,39,5564919,3312470,4570,5166,5564919,,,,1327,,,,True,True
"{'smart': '48ea37adae204665fe1f790d1e0cf60b', 'standard': '4be0de78f6e016a3a94899ea431fa19f'}",7514217,View,2024-05-22T08:22:47.345694+00:00,2024-05-22T08:22:47.351516+00:00,789,789,True,{},/orgs/MSFOCG/sources/MSFOCG/mappings/54/7514217/,7514217,False,False,True,,5166,SAME-AS,,,,7514216,54,5564919,4166,42,5166,5564919,,/orgs/MSF/sources/MSF/,,1542,,/orgs/CIEL/sources/CIEL/,,True,True
"{'smart': '4d4e4449390851fce7eb5c504b5ad266', 'standard': 'b57686fdf66055c43a97b3cbb34a9a3a'}",7514218,View,2024-05-22T08:22:47.474972+00:00,2024-05-22T08:22:47.499537+00:00,789,789,True,{},/orgs/MSFOCG/sources/MSFOCG/mappings/55/,7514218,False,False,False,,5166,SAME-AS,,,,7514218,55,5564921,99925,42,5166,5564921,,/orgs/MSF/sources/MSF/,,159467,,/orgs/CIEL/sources/CIEL/,,True,True
"{'smart': '3b9eacd5abfb3212f3440be536d2d1e4', 'standard': 'eed02b8f4c7983f8a7f90eb31f2bc031'}",7514220,View,2024-05-22T08:22:47.635988+00:00,2024-05-22T08:22:47.656759+00:00,789,789,True,{},/orgs/MSFOCG/sources/MSFOCG/mappings/56/,7514220,False,False,False,,5166,SAME-AS,,,,7514220,56,5564923,95864,42,5166,5564923,,/orgs/MSF/sources/MSF/,,159461,,/orgs/CIEL/sources/CIEL/,,True,True
"{'smart': 'c8404afe2bbfa53a040129f0a59f8cc4', 'standard': 'fd61326e8e084417985f3cda8a5d8deb'}",7514224,View,2024-05-22T08:22:47.909087+00:00,2024-05-22T08:22:47.928227+00:00,789,789,True,{},/orgs/MSFOCG/sources/MSFOCG/mappings/58/,7514224,False,False,False,,5166,SAME-AS,,,,7514224,58,5564925,99262,42,5166,5564925,,/orgs/MSF/sources/MSF/,,159462,,/orgs/CIEL/sources/CIEL/,,True,True
"{'smart': '5ec5bad39b6dba7d648c16d5d50d8f10', 'standard': '8e841376ec5c3d7eecea16e9f811edee'}",7514228,View,2024-05-22T08:22:48.263610+00:00,2024-05-22T08:22:48.284607+00:00,789,789,True,{},/orgs/MSFOCG/sources/MSFOCG/mappings/60/,7514228,False,False,False,,5166,BROADER-THAN,,,,7514228,60,5564927,33514,42,5166,5564927,,/orgs/MSF/sources/MSF/,,123801,,/orgs/CIEL/sources/CIEL/,,True,True
"{'smart': '6b41473707d8713c3a660ea17782c8d3', 'standard': '4119f8eafd833cbd565b1deede75a581'}",7514232,View,2024-05-22T08:22:48.507876+00:00,2024-05-22T08:22:48.531367+00:00,789,789,True,{},/orgs/MSFOCG/sources/MSFOCG/mappings/62/,7514232,False,False,False,,5166,SAME-AS,,,,7514232,62,5564929,101071,42,5166,5564929,,/orgs/MSF/sources/MSF/,,159465,,/orgs/CIEL/sources/CIEL/,,True,True
"{'smart': 'bf749aae3ca476ddf65514a945eca675', 'standard': '89931f4c9749ce5e95d79ad3aa8a1fc7'}",7514236,View,2024-05-22T08:22:48.845569+00:00,2024-05-22T08:22:48.885572+00:00,789,789,True,{},/orgs/MSFOCG/sources/MSFOCG/mappings/64/,7514236,False,False,False,,5166,SAME-AS,,,,7514236,64,5564931,3236,42,5166,5564931,,/orgs/MSF/sources/MSF/,,1540,,/orgs/CIEL/sources/CIEL/,,True,True
"{'smart': '98c40543b8816ae27b0d4488e456da13', 'standard': '6eeee1b37f4958f5123e0e5d5c0947ca'}",7514252,View,2024-05-22T15:25:16.865374+00:00,2024-05-22T15:25:16.895317+00:00,789,789,True,{},/orgs/MSFOCG/sources/MSFOCG/mappings/67/,7514252,False,False,False,,5166,Q-AND-A,,22578212-f5aa-47e4-985f-36f56fb7d66e,,7514252,67,5564941,3313472,4570,5166,5564933,,/orgs/MSFOCG/sources/MSFOCG/,,1530,,/orgs/MSF/sources/MSF/,,True,True
"{'smart': '6578560099b401d1683a1f9db33793a6', 'standard': '26917f9a457bcdba9c52765a747d3bbb'}",7514256,View,2024-05-22T15:26:37.605254+00:00,2024-05-22T15:26:37.613195+00:00,789,789,True,{},/orgs/MSFOCG/sources/MSFOCG/mappings/68/7514256/,7514256,False,False,True,,5166,Q-AND-A,,e17fcd49-f4cd-4673-b5e5-00260167bec0,,7514255,68,5564941,5564943,4570,5166,5564933,,/orgs/MSFOCG/sources/MSFOCG/,,3044,,/orgs/MSF/sources/MSF/,,True,True
"{'smart': '4b5b5496828ddaa57bfa08095733f735', 'standard': '2d9417de1849af6a8715639bc63c90f7'}",7514257,View,2024-05-22T15:28:01.592631+00:00,2024-05-22T15:28:01.612174+00:00,789,789,True,{},/orgs/MSFOCG/sources/MSFOCG/mappings/69/,7514257,False,False,False,,5166,Q-AND-A,,f9837cb6-fb96-4096-8b00-dc5d71e3a53f,,7514257,69,5564941,5564947,4570,5166,5564933,,/orgs/MSFOCG/sources/MSFOCG/,,3046,,/orgs/MSF/sources/MSF/,,True,True
"{'smart': 'dad95135ad5288f3bad1bd2fd52dd008', 'standard': 'c9c84c7423cd904c86e66dbb55f4ce74'}",7514259,View,2024-05-22T15:28:13.081047+00:00,2024-05-22T15:28:13.098737+00:00,789,789,True,{},/orgs/MSFOCG/sources/MSFOCG/mappings/70/,7514259,False,False,False,,5166,Q-AND-A,,06d786fe-6139-4748-af0c-f6f09dbc3bb4,,7514259,70,5564941,5564949,4570,5166,5564933,,/orgs/MSFOCG/sources/MSFOCG/,,3047,,/orgs/MSF/sources/MSF/,,True,True
"{'smart': 'c66e281fd6b619437d3a2aea7904b185', 'standard': 'c2ba972ad170a909d1426e592d690cb5'}",7514261,View,2024-05-22T15:28:46.142410+00:00,2024-05-22T15:28:46.170940+00:00,789,789,True,{},/orgs/MSFOCG/sources/MSFOCG/mappings/71/,7514261,False,False,False,,5166,Q-AND-A,,40b772d7-4193-48c3-baf7-e5b10ca950b2,,7514261,71,5564941,3314312,4570,5166,5564933,,/orgs/MSFOCG/sources/MSFOCG/,,929,,/orgs/MSF/sources/MSF/,,True,True
"{'smart': '7bda53982a5362e4459f607a4042285b', 'standard': 'f688273ee3d7b456e4574a234a8b4ea7'}",7514265,View,2024-05-22T15:35:13.203215+00:00,2024-05-22T15:36:11.012819+00:00,789,789,True,{},/orgs/MSFOCG/sources/MSFOCG/mappings/73/,7514265,False,False,False,,5166,Q-AND-A,1.0,3c5fefbc-a9ca-425f-9dd4-fd0a0ebf25c7,,7514265,73,5506293,5564951,4570,5166,5506293,,/orgs/MSFOCG/sources/MSFOCG/,,3048,,/orgs/MSF/sources/MSF/,,True,True
"{'smart': '5e9f6736c07126ad31cb70200186e221', 'standard': 'd711b01ee0d66f5d65c8252ee637ee1c'}",7514269,View,2024-05-22T15:36:10.975443+00:00,2024-05-22T15:36:10.985483+00:00,789,789,True,{},/orgs/MSFOCG/sources/MSFOCG/mappings/74/7514269/,7514269,False,False,True,,5166,Q-AND-A,3.0,82426091-6d00-4dcb-8de9-09a90e58bed5,,7514267,74,5506293,3314312,4570,5166,5506293,,/orgs/MSFOCG/sources/MSFOCG/,,929,,/orgs/MSF/sources/MSF/,,True,True
"{'smart': '0d2c6db05eae76377d2d07390041a995', 'standard': '33994e3774070a631bcfe1ee6dbaf5d7'}",7514271,View,2024-05-22T15:36:11.000882+00:00,2024-05-22T15:36:11.009326+00:00,789,789,True,{},/orgs/MSFOCG/sources/MSFOCG/mappings/72/7514271/,7514271,False,False,True,,5166,Q-AND-A,0.0,7c278483-fd85-4890-a9b4-c74311fd7510,,7514263,72,5506293,5506275,4570,5166,5506293,,/orgs/MSFOCG/sources/MSFOCG/,,3042,,/orgs/MSF/sources/MSF/,,True,True
"{'smart': '36e0fbffb43c05bf603fdbc69cfdc7ad', 'standard': 'ba6bbe546942721eba03fe8597c3bcad'}",7514272,View,2024-05-22T15:36:11.022978+00:00,2024-05-22T15:36:11.035348+00:00,789,789,True,{},/orgs/MSFOCG/sources/MSFOCG/mappings/6/7514272/,7514272,False,False,True,,5166,Q-AND-A,2.0,,,7277241,6,5506293,5506297,5166,5166,5506293,,/orgs/MSFOCG/sources/MSFOCG/,,5506297,,/orgs/MSFOCG/sources/MSFOCG/,,True,True
"{'smart': 'a8a531e73c7e288db65a0500711955e7', 'standard': '0c50ab24a968c3737bda141ce8a04959'}",7514303,View,2024-05-23T15:49:47.100481+00:00,2024-05-23T16:05:33.806546+00:00,789,789,True,{},/orgs/MSFOCG/sources/MSFOCG/mappings/78/,7514303,False,False,False,,5166,Q-AND-A,7.0,73e5cfe2-910f-4b04-b47f-c4ecf9ff90c3,,7514303,78,5564919,3313415,4570,5166,5564919,,/orgs/MSFOCG/sources/MSFOCG/,,7,,/orgs/MSF/sources/MSF/,,True,True
"{'smart': '1298708208997c670a000d414ef25dc5', 'standard': '2177e55f058b36c6bc7f00b07bb83e41'}",7514307,View,2024-05-23T15:50:57.028265+00:00,2024-05-23T16:05:33.697958+00:00,789,789,True,{},/orgs/MSFOCG/sources/MSFOCG/mappings/80/,7514307,False,False,False,,5166,Q-AND-A,3.0,55c6687a-b82c-4bcf-b229-ca5c0fba3f61,,7514307,80,5564919,5564971,4570,5166,5564919,,/orgs/MSFOCG/sources/MSFOCG/,,3053,,/orgs/MSF/sources/MSF/,,True,True
"{'smart': 'dbf4836fa66f29103f6827c8d16f0508', 'standard': 'cf3a671c1b1aae843cf77ac12deeb8f3'}",7514322,View,2024-05-23T15:52:53.953822+00:00,2024-05-23T16:05:33.753888+00:00,789,789,True,{},/orgs/MSFOCG/sources/MSFOCG/mappings/81/,7514322,False,False,False,,5166,Q-AND-A,5.0,6dddc897-c910-4e17-a36c-750a79b8310d,,7514322,81,5564919,5564973,4570,5166,5564919,,/orgs/MSFOCG/sources/MSFOCG/,,3054,,/orgs/MSF/sources/MSF/,,True,True
"{'smart': 'ae226b8123529c23f95b57fc2a48a82b', 'standard': 'd3a63376dd3b6639078cf1a001337642'}",7514355,View,2024-05-23T16:01:30.169817+00:00,2024-05-23T16:05:33.707658+00:00,789,789,True,{},/orgs/MSFOCG/sources/MSFOCG/mappings/82/,7514355,False,False,False,,5166,Q-AND-A,0.0,ecea29ed-d232-4eae-86fd-cc9d5cde2acb,,7514355,82,5564919,3313172,4570,5166,5564919,,/orgs/MSFOCG/sources/MSFOCG/,,1471,,/orgs/MSF/sources/MSF/,,True,True
"{'smart': '20622adb4adc7243d9ac9d8275f00bb5', 'standard': '1ff6daf3b227bff8fd9228a43b7ecc61'}",7514359,View,2024-05-23T16:05:33.478728+00:00,2024-05-23T16:05:33.485627+00:00,789,789,True,{},/orgs/MSFOCG/sources/MSFOCG/mappings/76/7514359/,7514359,False,False,True,,5166,Q-AND-A,2.0,fa65a811-6688-4f2a-966e-95599e95f5d2,,7514289,76,5564919,5564966,4570,5166,5564919,,/orgs/MSFOCG/sources/MSFOCG/,,3051,,/orgs/MSF/sources/MSF/,,True,True
"{'smart': 'a571621718016c5bc03d34c75f8b9f99', 'standard': 'b244345d4f23c3c275f807b40b750960'}",7514360,View,2024-05-23T16:05:33.485559+00:00,2024-05-23T16:05:33.489275+00:00,789,789,True,{},/orgs/MSFOCG/sources/MSFOCG/mappings/75/7514360/,7514360,False,False,True,,5166,Q-AND-A,1.0,b2631ab6-c4df-4e7e-bf0c-9a309b2d7f80,,7514287,75,5564919,5564963,4570,5166,5564919,,/orgs/MSFOCG/sources/MSFOCG/,,3049,,/orgs/MSF/sources/MSF/,,True,True
"{'smart': 'a93564f2f8fb82ba309f3869a9999826', 'standard': '2a3027fa613a8f687cd4bb674648be2c'}",7514361,View,2024-05-23T16:05:33.543289+00:00,2024-05-23T16:05:33.561949+00:00,789,789,True,{},/orgs/MSFOCG/sources/MSFOCG/mappings/77/7514361/,7514361,False,False,True,,5166,Q-AND-A,6.0,c820fa61-e59a-4e50-96b5-4f0e7d68c56b,,7514291,77,5564919,3312936,4570,5166,5564919,,/orgs/MSFOCG/sources/MSFOCG/,,1423,,/orgs/MSF/sources/MSF/,,True,True
"{'smart': '2cb6c016711ea1add50af9f671b1fbf2', 'standard': '017307fa8b3cc3f72d006fd685804c13'}",7514362,View,2024-05-23T16:05:33.659292+00:00,2024-05-23T16:05:33.662120+00:00,789,789,True,{},/orgs/MSFOCG/sources/MSFOCG/mappings/83/7514362/,7514362,False,False,True,,5166,Q-AND-A,4.0,77a11360-cfb1-47ca-ba97-1aa54c1ccb0f,,7514357,83,5564919,3313168,4570,5166,5564919,,/orgs/MSFOCG/sources/MSFOCG/,,1470,,/orgs/MSF/sources/MSF/,,True,True
"{'smart': '4af58e1d3157e388add304df712b4f06', 'standard': 'fdec1394612f5b4fe7f8ad5746dcad63'}",7514364,View,2024-05-23T16:05:33.674239+00:00,2024-05-23T16:05:33.691355+00:00,789,789,True,{},/orgs/MSFOCG/sources/MSFOCG/mappings/79/7514364/,7514364,False,False,True,,5166,Q-AND-A,8.0,144aa397-3b13-42ab-acdc-88ec7bf513e3,,7514305,79,5564919,3314312,4570,5166,5564919,,/orgs/MSFOCG/sources/MSFOCG/,,929,,/orgs/MSF/sources/MSF/,,True,True
"{'smart': 'cc78cc671d92d507654cee906eb3d69d', 'standard': 'fe2911f5b952744734f6326c3e2d882b'}",7514450,View,2024-05-23T20:49:34.619093+00:00,2024-05-23T20:49:34.623071+00:00,789,789,True,{},/orgs/MSFOCG/sources/MSFOCG/mappings/92/7514450/,7514450,False,False,True,,5166,Q-AND-A,,696e69d4-4f7d-471e-83fd-e2acf7d7b149,,7514448,92,5565496,5565134,5166,5166,5565076,,/orgs/MSFOCG/sources/MSFOCG/,,5564934,,/orgs/MSFOCG/sources/MSFOCG/,,True,True
"{'smart': 'd97fb9623e6e9de23386585241697c56', 'standard': 'e581d27e48ee4d537dfb6973f7ea3a4a'}",7514451,View,2024-05-23T20:49:34.629278+00:00,2024-05-23T20:49:34.635523+00:00,789,789,True,{},/orgs/MSFOCG/sources/MSFOCG/mappings/91/7514451/,7514451,False,False,True,,5166,Q-AND-A,,f527cfff-b0e7-45fb-acb3-1a2e1f2fc4f8,,7514449,91,5565496,5565247,5166,5166,5565076,,/orgs/MSFOCG/sources/MSFOCG/,,5565005,,/orgs/MSFOCG/sources/MSFOCG/,,True,True
"{'smart': 'aafb78f1334769e6ab6b997c7889bde9', 'standard': '0c9f3336d6a731f1d814c98be23f8ec5'}",7514452,View,2024-05-23T20:49:34.703643+00:00,2024-05-23T20:49:34.719731+00:00,789,789,True,{},/orgs/MSFOCG/sources/MSFOCG/mappings/93/,7514452,False,False,False,,5166,Q-AND-A,,d98da58e-f729-40f3-a6bf-74cb244ebddc,,7514452,93,5565496,5565137,5166,5166,5565076,,/orgs/MSFOCG/sources/MSFOCG/,,5564935,,/orgs/MSFOCG/sources/MSFOCG/,,True,True
"{'smart': '362acd2426fbb80aab550c6a8531f4f1', 'standard': 'ef38694c88619c280a49d2dcaf91bf57'}",7514454,View,2024-05-23T20:49:34.765999+00:00,2024-05-23T20:49:34.788350+00:00,789,789,True,{},/orgs/MSFOCG/sources/MSFOCG/mappings/94/,7514454,False,False,False,,5166,Q-AND-A,,354727e8-e37b-477d-a08b-25280f87372b,,7514454,94,5565496,5565250,5166,5166,5565076,,/orgs/MSFOCG/sources/MSFOCG/,,5565006,,/orgs/MSFOCG/sources/MSFOCG/,,True,True
"{'smart': '64e10552171361b0b727f5fa26be4b14', 'standard': 'd2d8f6a2585303357e05d4567a314669'}",7514457,View,2024-05-23T20:49:34.836617+00:00,2024-05-23T20:49:34.840852+00:00,789,789,True,{},/orgs/MSFOCG/sources/MSFOCG/mappings/95/7514457/,7514457,False,False,True,,5166,Q-AND-A,,eee2a9ae-681d-44ba-b34b-cf68584edc45,,7514456,95,5565496,5565140,5166,5166,5565076,,/orgs/MSFOCG/sources/MSFOCG/,,5564936,,/orgs/MSFOCG/sources/MSFOCG/,,True,True
"{'smart': '4a5dd2f1a6a5ae744cadc1423128e5a5', 'standard': '205b3a6bf3406ca97c0118859ed95870'}",7514459,View,2024-05-23T20:49:34.938586+00:00,2024-05-23T20:49:34.942842+00:00,789,789,True,{},/orgs/MSFOCG/sources/MSFOCG/mappings/96/7514459/,7514459,False,False,True,,5166,Q-AND-A,,8f229aaf-156f-47a1-bb24-57f3e0a6d1c1,,7514458,96,5565496,5565143,5166,5166,5565076,,/orgs/MSFOCG/sources/MSFOCG/,,5564937,,/orgs/MSFOCG/sources/MSFOCG/,,True,True
"{'smart': '62d65e7d16009c4a4b9382cf62846c8d', 'standard': '7fb15f2798c018315a15e3b3789575b2'}",7514460,View,2024-05-23T20:49:34.945284+00:00,2024-05-23T20:49:34.976632+00:00,789,789,True,{},/orgs/MSFOCG/sources/MSFOCG/mappings/97/,7514460,False,False,False,,5166,Q-AND-A,,ea172e7e-b988-47a0-ac7c-8984b6b726fc,,7514460,97,5565496,5565253,5166,5166,5565076,,/orgs/MSFOCG/sources/MSFOCG/,,5565007,,/orgs/MSFOCG/sources/MSFOCG/,,True,True
"{'smart': '79a9d7314b0af6b4cbe102390390c855', 'standard': '314ceaf9c05be75672d848c068c3577a'}",7514462,View,2024-05-23T20:49:35.040006+00:00,2024-05-23T20:49:35.055539+00:00,789,789,True,{},/orgs/MSFOCG/sources/MSFOCG/mappings/98/,7514462,False,False,False,,5166,Q-AND-A,,7367ff90-4b4e-4538-b38a-653dbe4b6abf,,7514462,98,5565496,5565160,5166,5166,5565076,,/orgs/MSFOCG/sources/MSFOCG/,,5564938,,/orgs/MSFOCG/sources/MSFOCG/,,True,True
"{'smart': '5ecbd7d8df7a3d3faade393862cd7ab2', 'standard': 'a3906c121b522021d0e38fc2425e6b97'}",7514464,View,2024-05-23T20:49:35.142461+00:00,2024-05-23T20:49:35.163385+00:00,789,789,True,{},/orgs/MSFOCG/sources/MSFOCG/mappings/99/,7514464,False,False,False,,5166,Q-AND-A,,b1451529-d14d-4966-9d14-0ab1972087a9,,7514464,99,5565496,5565255,5166,5166,5565076,,/orgs/MSFOCG/sources/MSFOCG/,,5565008,,/orgs/MSFOCG/sources/MSFOCG/,,True,True
"{'smart': 'ee7c6265a2ad6d82817cea7e4e153838', 'standard': '82bdc22d1ebf799b46bcf66557266ee7'}",7514467,View,2024-05-23T20:49:35.179412+00:00,2024-05-23T20:49:35.183966+00:00,789,789,True,{},/orgs/MSFOCG/sources/MSFOCG/mappings/100/7514467/,7514467,False,False,True,,5166,Q-AND-A,,1ffc2748-eb6c-4901-9396-8b172c37b234,,7514465,100,5565496,5565146,5166,5166,5565076,,/orgs/MSFOCG/sources/MSFOCG/,,5564939,,/orgs/MSFOCG/sources/MSFOCG/,,True,True
"{'smart': '28af9d71d2ff75737094c211fab1b7b5', 'standard': 'abbbd57d58ca47c07730f7ad8cd29692'}",7514468,View,2024-05-23T20:49:35.255415+00:00,2024-05-23T20:49:35.270691+00:00,789,789,True,{},/orgs/MSFOCG/sources/MSFOCG/mappings/101/,7514468,False,False,False,,5166,Q-AND-A,,6b31d962-93cd-42b3-a603-14857e535eab,,7514468,101,5565496,5565149,5166,5166,5565076,,/orgs/MSFOCG/sources/MSFOCG/,,5564940,,/orgs/MSFOCG/sources/MSFOCG/,,True,True
"{'smart': 'fc2f948a27bf238e393c987225efe566', 'standard': 'fef0b58fff541c9e88a673ea786ad7d5'}",7514470,View,2024-05-23T20:49:35.313047+00:00,2024-05-23T20:49:35.334355+00:00,789,789,True,{},/orgs/MSFOCG/sources/MSFOCG/mappings/102/,7514470,False,False,False,,5166,Q-AND-A,,0863a886-aac1-4650-a692-85f0e161ebb1,,7514470,102,5565496,5565258,5166,5166,5565076,,/orgs/MSFOCG/sources/MSFOCG/,,5565009,,/orgs/MSFOCG/sources/MSFOCG/,,True,True
"{'smart': '5e0a979e750507a092329cf82800f706', 'standard': '142d634bbdcd62ca7c78e93376d3dda4'}",7514472,View,2024-05-23T20:49:35.365012+00:00,2024-05-23T20:49:35.379264+00:00,789,789,True,{},/orgs/MSFOCG/sources/MSFOCG/mappings/103/,7514472,False,False,False,,5166,Q-AND-A,,5c27d615-4528-4478-8ca8-b50604baf575,,7514472,103,5565496,5565152,5166,5166,5565076,,/orgs/MSFOCG/sources/MSFOCG/,,5564941,,/orgs/MSFOCG/sources/MSFOCG/,,True,True
"{'smart': '9c2a7a9176821c9c0b1970abc7299adb', 'standard': '5a6b2db173ccc9d38abaf4fab5787e16'}",7514474,View,2024-05-23T20:49:35.460165+00:00,2024-05-23T20:49:35.474268+00:00,789,789,True,{},/orgs/MSFOCG/sources/MSFOCG/mappings/104/,7514474,False,False,False,,5166,Q-AND-A,,52563e35-2787-4c0a-bb78-7dff6aa52674,,7514474,104,5565496,5565155,5166,5166,5565076,,/orgs/MSFOCG/sources/MSFOCG/,,5564942,,/orgs/MSFOCG/sources/MSFOCG/,,True,True
"{'smart': '34b551b3f66d864ee3578a160f75857d', 'standard': 'e0574433439b40216c06a9d8068593e7'}",7514477,View,2024-05-23T20:49:35.518195+00:00,2024-05-23T20:49:35.524461+00:00,789,789,True,{},/orgs/MSFOCG/sources/MSFOCG/mappings/105/7514477/,7514477,False,False,True,,5166,Q-AND-A,,7bb67894-3042-44b1-a095-14f3cb54ee2b,,7514476,105,5565496,5565260,5166,5166,5565076,,/orgs/MSFOCG/sources/MSFOCG/,,5565010,,/orgs/MSFOCG/sources/MSFOCG/,,True,True
"{'smart': '9ba4d6c5a4ea4fd64be39f21fba3d7ec', 'standard': 'b6b2f37b9bda2e273ea533f4daaebea0'}",7514478,View,2024-05-23T20:49:35.574565+00:00,2024-05-23T20:49:35.590657+00:00,789,789,True,{},/orgs/MSFOCG/sources/MSFOCG/mappings/106/,7514478,False,False,False,,5166,Q-AND-A,,66ca146f-629b-4332-9d75-056b916df721,,7514478,106,5565496,5565157,5166,5166,5565076,,/orgs/MSFOCG/sources/MSFOCG/,,5564943,,/orgs/MSFOCG/sources/MSFOCG/,,True,True
"{'smart': '99590fea8eb2d54e5f41859f4a12cf7f', 'standard': 'b07bcf5cf99d8d119addb1ff13cc9652'}",7514481,View,2024-05-23T20:49:35.674888+00:00,2024-05-23T20:49:35.689298+00:00,789,789,True,{},/orgs/MSFOCG/sources/MSFOCG/mappings/108/,7514481,False,False,False,,5166,Q-AND-A,,5e6df8a9-6245-4727-9872-236438c23c8e,,7514481,108,5565496,5565191,5166,5166,5565076,,/orgs/MSFOCG/sources/MSFOCG/,,5564944,,/orgs/MSFOCG/sources/MSFOCG/,,True,True
"{'smart': '2ff999a06c72e282760ce5615100376e', 'standard': 'ed2ee1f8e50048e8100f4013c657066c'}",7514482,View,2024-05-23T20:49:35.685823+00:00,2024-05-23T20:49:35.690836+00:00,789,789,True,{},/orgs/MSFOCG/sources/MSFOCG/mappings/107/7514482/,7514482,False,False,True,,5166,Q-AND-A,,ee66ac32-500c-4afc-9941-f2d5554faad9,,7514480,107,5565496,5565263,5166,5166,5565076,,/orgs/MSFOCG/sources/MSFOCG/,,5565011,,/orgs/MSFOCG/sources/MSFOCG/,,True,True
"{'smart': 'fb6eaed7a358a8fc0f5a7d7bb08b97db', 'standard': '7926694665d52219e49e2c2e8eba1735'}",7514484,View,2024-05-23T20:49:35.775615+00:00,2024-05-23T20:49:35.792338+00:00,789,789,True,{},/orgs/MSFOCG/sources/MSFOCG/mappings/109/,7514484,False,False,False,,5166,Q-AND-A,,658fc634-8a65-4d22-ba68-665c851fb087,,7514484,109,5565496,5565195,5166,5166,5565076,,/orgs/MSFOCG/sources/MSFOCG/,,5564945,,/orgs/MSFOCG/sources/MSFOCG/,,True,True
"{'smart': '6ecf2c0575a7026128afdabf2295d52f', 'standard': 'a579dcbae1336148856ea59508309b1f'}",7514487,View,2024-05-23T20:49:35.852393+00:00,2024-05-23T20:49:35.857798+00:00,789,789,True,{},/orgs/MSFOCG/sources/MSFOCG/mappings/110/7514487/,7514487,False,False,True,,5166,Q-AND-A,,e7ada6e2-a026-443d-8c59-1aca8266adf8,,7514486,110,5565496,5565266,5166,5166,5565076,,/orgs/MSFOCG/sources/MSFOCG/,,5565012,,/orgs/MSFOCG/sources/MSFOCG/,,True,True
"{'smart': '0e7c587f568d4149808e7c194fca13f9', 'standard': '6e46ed1834711e5f7994424ad2508d06'}",7514489,View,2024-05-23T20:49:35.901325+00:00,2024-05-23T20:49:35.904720+00:00,789,789,True,{},/orgs/MSFOCG/sources/MSFOCG/mappings/111/7514489/,7514489,False,False,True,,5166,Q-AND-A,,af2061dc-e523-4012-a4e6-346fb916c6b6,,7514488,111,5565496,5565199,5166,5166,5565076,,/orgs/MSFOCG/sources/MSFOCG/,,5564946,,/orgs/MSFOCG/sources/MSFOCG/,,True,True
"{'smart': 'd42e08dfda4bb514f17891c5f040ae1b', 'standard': '1cb05138804898e8cecb367a3f7fcdd4'}",7514491,View,2024-05-23T20:49:35.987845+00:00,2024-05-23T20:49:36.010336+00:00,789,789,True,{},/orgs/MSFOCG/sources/MSFOCG/mappings/113/,7514491,False,False,False,,5166,Q-AND-A,,b7f27911-b33c-4a98-a930-b8e895ea9b80,,7514491,113,5565496,5565268,5166,5166,5565076,,/orgs/MSFOCG/sources/MSFOCG/,,5565013,,/orgs/MSFOCG/sources/MSFOCG/,,True,True
"{'smart': 'd82f92a06667943e62d508a228f12c8c', 'standard': '4f6c0962192464f54beea7f168d4a7b7'}",7514492,View,2024-05-23T20:49:36.003694+00:00,2024-05-23T20:49:36.014610+00:00,789,789,True,{},/orgs/MSFOCG/sources/MSFOCG/mappings/112/7514492/,7514492,False,False,True,,5166,Q-AND-A,,035cc4f8-5c4c-4327-a1fe-fd988df66f92,,7514490,112,5565496,5565203,5166,5166,5565076,,/orgs/MSFOCG/sources/MSFOCG/,,5564947,,/orgs/MSFOCG/sources/MSFOCG/,,True,True
"{'smart': '41ff34aae48be5990e8495801ee0dd41', 'standard': '21f597925a4eecde3975036577ad2ce3'}",7514494,View,2024-05-23T20:49:36.097118+00:00,2024-05-23T20:49:36.114492+00:00,789,789,True,{},/orgs/MSFOCG/sources/MSFOCG/mappings/114/,7514494,False,False,False,,5166,Q-AND-A,,1e29a395-d4d8-4a0e-b37e-a2efee6b9391,,7514494,114,5565496,5565207,5166,5166,5565076,,/orgs/MSFOCG/sources/MSFOCG/,,5564948,,/orgs/MSFOCG/sources/MSFOCG/,,True,True
"{'smart': 'b6c3b74ad84ba462847ba9197e9644b7', 'standard': 'a0fe31c7afd2a014b2f015cda1ee22df'}",7514497,View,2024-05-23T20:49:36.263228+00:00,2024-05-23T20:49:36.278041+00:00,789,789,True,{},/orgs/MSFOCG/sources/MSFOCG/mappings/116/,7514497,False,False,False,,5166,Q-AND-A,,6771d1c0-4786-4291-a416-e3c04d9c37d0,,7514497,116,5565496,5565162,5166,5166,5565076,,/orgs/MSFOCG/sources/MSFOCG/,,5564949,,/orgs/MSFOCG/sources/MSFOCG/,,True,True
"{'smart': '104d18d466d310520422dd1944da3a92', 'standard': '68cf113879985576696ce7f93c45754f'}",7514498,View,2024-05-23T20:49:36.279674+00:00,2024-05-23T20:49:36.285801+00:00,789,789,True,{},/orgs/MSFOCG/sources/MSFOCG/mappings/115/7514498/,7514498,False,False,True,,5166,Q-AND-A,,9c94722f-79a5-4ffb-80b4-d64a4f7308d2,,7514496,115,5565496,5565271,5166,5166,5565076,,/orgs/MSFOCG/sources/MSFOCG/,,5565014,,/orgs/MSFOCG/sources/MSFOCG/,,True,True
"{'smart': '69e092a3015e6573844b09c9007d2a05', 'standard': '11899d7e1b27e589a9dd7a9dc47f5497'}",7514500,View,2024-05-23T20:49:36.393221+00:00,2024-05-23T20:49:36.407999+00:00,789,789,True,{},/orgs/MSFOCG/sources/MSFOCG/mappings/117/,7514500,False,False,False,,5166,Q-AND-A,,ae98b49b-d781-4100-bab2-4496556d45de,,7514500,117,5565496,5565165,5166,5166,5565076,,/orgs/MSFOCG/sources/MSFOCG/,,5564950,,/orgs/MSFOCG/sources/MSFOCG/,,True,True
"{'smart': 'ac49926ce0adcb2cd6ee9343d98877c5', 'standard': '05a35fdf70bd3f6da737b983852cec67'}",7514503,View,2024-05-23T20:49:36.472981+00:00,2024-05-23T20:49:36.479392+00:00,789,789,True,{},/orgs/MSFOCG/sources/MSFOCG/mappings/118/7514503/,7514503,False,False,True,,5166,Q-AND-A,,06879a4e-6b43-4cde-b231-9537785a6d29,,7514502,118,5565496,5565273,5166,5166,5565076,,/orgs/MSFOCG/sources/MSFOCG/,,5565015,,/orgs/MSFOCG/sources/MSFOCG/,,True,True
"{'smart': '032792367cd1076c4e25abcd59d33358', 'standard': 'e801f64b280f0ae6f9a2c4b4b2d304e9'}",7514504,View,2024-05-23T20:49:36.493288+00:00,2024-05-23T20:49:36.509045+00:00,789,789,True,{},/orgs/MSFOCG/sources/MSFOCG/mappings/119/,7514504,False,False,False,,5166,Q-AND-A,,881cdfac-26d5-4aeb-ba5a-70d999257925,,7514504,119,5565496,5565169,5166,5166,5565076,,/orgs/MSFOCG/sources/MSFOCG/,,5564951,,/orgs/MSFOCG/sources/MSFOCG/,,True,True
"{'smart': '8ffb796efa68c344a5d42b4b4502fca4', 'standard': '4086df36bb7037cfc4b8c5abafcb425c'}",7514506,View,2024-05-23T20:49:36.614197+00:00,2024-05-23T20:49:36.629005+00:00,789,789,True,{},/orgs/MSFOCG/sources/MSFOCG/mappings/120/,7514506,False,False,False,,5166,Q-AND-A,,8decf387-cc34-4b0a-b7e4-b01303c07300,,7514506,120,5565496,5565172,5166,5166,5565076,,/orgs/MSFOCG/sources/MSFOCG/,,5564952,,/orgs/MSFOCG/sources/MSFOCG/,,True,True
"{'smart': 'cc7f921fc76bd7fbb425f4f08d898ffe', 'standard': '3464d4fc706d2d7c0dde0c7b89cb7503'}",7514507,View,2024-05-23T20:49:36.623522+00:00,2024-05-23T20:49:36.642606+00:00,789,789,True,{},/orgs/MSFOCG/sources/MSFOCG/mappings/121/,7514507,False,False,False,,5166,Q-AND-A,,b99ffcc4-6386-436f-ae32-a69ac6562737,,7514507,121,5565496,5565276,5166,5166,5565076,,/orgs/MSFOCG/sources/MSFOCG/,,5565016,,/orgs/MSFOCG/sources/MSFOCG/,,True,True
"{'smart': 'dbc67dfb525d6a61134d450ffa556147', 'standard': '4512704f2cc9d71f792d668c085f6aa4'}",7514510,View,2024-05-23T20:49:36.715737+00:00,2024-05-23T20:49:36.730734+00:00,789,789,True,{},/orgs/MSFOCG/sources/MSFOCG/mappings/122/,7514510,False,False,False,,5166,Q-AND-A,,76fc0c8b-9bc0-4878-a62f-65ca4c54f9de,,7514510,122,5565496,5565175,5166,5166,5565076,,/orgs/MSFOCG/sources/MSFOCG/,,5564953,,/orgs/MSFOCG/sources/MSFOCG/,,True,True
"{'smart': 'ce08bbb6d02cf785367df8d281c9a35f', 'standard': 'cb6e11658e7b8c61eb0cf2d204e6007b'}",7514512,View,2024-05-23T20:49:36.790205+00:00,2024-05-23T20:49:36.809569+00:00,789,789,True,{},/orgs/MSFOCG/sources/MSFOCG/mappings/123/,7514512,False,False,False,,5166,Q-AND-A,,9c89e19c-8e77-4d0b-a362-dd0747e80dd7,,7514512,123,5565496,5565278,5166,5166,5565076,,/orgs/MSFOCG/sources/MSFOCG/,,5565017,,/orgs/MSFOCG/sources/MSFOCG/,,True,True
"{'smart': '6c8203a8420bb18db91d0f22f2ee0527', 'standard': 'a4b01a9f1c84cfacb331a5cf2ca9fc22'}",7514513,View,2024-05-23T20:49:36.820117+00:00,2024-05-23T20:49:36.840204+00:00,789,789,True,{},/orgs/MSFOCG/sources/MSFOCG/mappings/124/,7514513,False,False,False,,5166,Q-AND-A,,a362e4a3-4e1a-444d-b563-1dd72cd09f20,,7514513,124,5565496,5565178,5166,5166,5565076,,/orgs/MSFOCG/sources/MSFOCG/,,5564954,,/orgs/MSFOCG/sources/MSFOCG/,,True,True
"{'smart': '02e4b651530725bef957af2a67b0e1d8', 'standard': 'ed08c782c46dafa0959fecad0b9577ef'}",7514517,View,2024-05-23T20:49:36.975210+00:00,2024-05-23T20:49:36.995287+00:00,789,789,True,{},/orgs/MSFOCG/sources/MSFOCG/mappings/126/,7514517,False,False,False,,5166,Q-AND-A,,4b8449a4-94d9-450b-8dc9-ac3a10c8c01f,,7514517,126,5565496,5565281,5166,5166,5565076,,/orgs/MSFOCG/sources/MSFOCG/,,5565018,,/orgs/MSFOCG/sources/MSFOCG/,,True,True
"{'smart': '11522b82d478f67bb114579d1d9d0870', 'standard': 'de35236cbbe97bbeb32311033f2648cb'}",7514518,View,2024-05-23T20:49:37.003744+00:00,2024-05-23T20:49:37.010439+00:00,789,789,True,{},/orgs/MSFOCG/sources/MSFOCG/mappings/125/7514518/,7514518,False,False,True,,5166,Q-AND-A,,ef376efd-011e-4acd-8477-938fe424946e,,7514516,125,5565496,5565181,5166,5166,5565076,,/orgs/MSFOCG/sources/MSFOCG/,,5564955,,/orgs/MSFOCG/sources/MSFOCG/,,True,True
"{'smart': '66902030ec1db4af31076f4ea592ab13', 'standard': 'ea69535257f36c306397b999872bf65e'}",7514521,View,2024-05-23T20:49:37.191907+00:00,2024-05-23T20:49:37.215369+00:00,789,789,True,{},/orgs/MSFOCG/sources/MSFOCG/mappings/128/,7514521,False,False,False,,5166,Q-AND-A,,f3a8887f-0e95-4487-94f3-d55f00a0d11c,,7514521,128,5565496,5565284,5166,5166,5565076,,/orgs/MSFOCG/sources/MSFOCG/,,5565019,,/orgs/MSFOCG/sources/MSFOCG/,,True,True
"{'smart': '1d870b9e8e58039c36caf3630c04db85', 'standard': 'ae69eb1dd5efa270c3b4b5869af42781'}",7514522,View,2024-05-23T20:49:37.213588+00:00,2024-05-23T20:49:37.220039+00:00,789,789,True,{},/orgs/MSFOCG/sources/MSFOCG/mappings/127/7514522/,7514522,False,False,True,,5166,Q-AND-A,,f5406a7e-8601-41b4-a6a2-3af027a69ba2,,7514520,127,5565496,5565184,5166,5166,5565076,,/orgs/MSFOCG/sources/MSFOCG/,,5564956,,/orgs/MSFOCG/sources/MSFOCG/,,True,True
"{'smart': 'de4fbee0fda25bfbfd1f0acbaab8a925', 'standard': 'c99ef146e60f1826e8e82e697e78bc8e'}",7514524,View,2024-05-23T20:49:37.301219+00:00,2024-05-23T20:49:37.315414+00:00,789,789,True,{},/orgs/MSFOCG/sources/MSFOCG/mappings/129/,7514524,False,False,False,,5166,Q-AND-A,,6c66f8d1-0348-4d85-bd77-5a340e8a0ec1,,7514524,129,5565496,5565187,5166,5166,5565076,,/orgs/MSFOCG/sources/MSFOCG/,,5564957,,/orgs/MSFOCG/sources/MSFOCG/,,True,True
"{'smart': '89a3e0110b2e4399ce5a65bcd3676062', 'standard': 'b0a676efd5d620a941831985ee869eaa'}",7514527,View,2024-05-23T20:49:37.399274+00:00,2024-05-23T20:49:37.417122+00:00,789,789,True,{},/orgs/MSFOCG/sources/MSFOCG/mappings/131/,7514527,False,False,False,,5166,Q-AND-A,,4187ca34-6353-4e31-90f4-5a63ff08063c,,7514527,131,5565496,5565190,5166,5166,5565076,,/orgs/MSFOCG/sources/MSFOCG/,,5564958,,/orgs/MSFOCG/sources/MSFOCG/,,True,True
"{'smart': '66d5a6baeaf4430dbf91367fd4687ccf', 'standard': 'd2cdb13a7dac01d9583cef895ac0ded4'}",7514528,View,2024-05-23T20:49:37.400536+00:00,2024-05-23T20:49:37.408644+00:00,789,789,True,{},/orgs/MSFOCG/sources/MSFOCG/mappings/130/7514528/,7514528,False,False,True,,5166,Q-AND-A,,2f9c3253-348b-47b1-a6ab-d82038678af2,,7514526,130,5565496,5565286,5166,5166,5565076,,/orgs/MSFOCG/sources/MSFOCG/,,5565020,,/orgs/MSFOCG/sources/MSFOCG/,,True,True
"{'smart': '59171d636167a23073e3016aa2654315', 'standard': '48fd0a1c9b6bd85d7f1d94e1827e3a20'}",7514530,View,2024-05-23T20:49:37.502889+00:00,2024-05-23T20:49:37.517491+00:00,789,789,True,{},/orgs/MSFOCG/sources/MSFOCG/mappings/132/,7514530,False,False,False,,5166,Q-AND-A,,959d8fe6-2b10-40e6-a34e-f073f64fd4fe,,7514530,132,5565496,5565193,5166,5166,5565076,,/orgs/MSFOCG/sources/MSFOCG/,,5564959,,/orgs/MSFOCG/sources/MSFOCG/,,True,True
"{'smart': '2c24aeea64e3bb94875c49e8a3281c41', 'standard': '4412f478aba0dd0de61a659f27312687'}",7514532,View,2024-05-23T20:49:37.545491+00:00,2024-05-23T20:49:37.567900+00:00,789,789,True,{},/orgs/MSFOCG/sources/MSFOCG/mappings/133/,7514532,False,False,False,,5166,Q-AND-A,,73c04beb-ae5f-4b0b-81c8-fc276d1c5ffe,,7514532,133,5565496,5565289,5166,5166,5565076,,/orgs/MSFOCG/sources/MSFOCG/,,5565021,,/orgs/MSFOCG/sources/MSFOCG/,,True,True
"{'smart': '9b99fed3ace81f3195219a539436edb9', 'standard': '1ead46278a0e8d0c6c635ad6eeebb6bb'}",7514534,View,2024-05-23T20:49:37.643968+00:00,2024-05-23T20:49:37.661281+00:00,789,789,True,{},/orgs/MSFOCG/sources/MSFOCG/mappings/134/,7514534,False,False,False,,5166,Q-AND-A,,44c8a9f5-dce1-4365-806b-f22f94528e06,,7514534,134,5565496,5565197,5166,5166,5565076,,/orgs/MSFOCG/sources/MSFOCG/,,5564960,,/orgs/MSFOCG/sources/MSFOCG/,,True,True
"{'smart': 'efb54cb0e1c00cbbbff1f08672d9a2a7', 'standard': '0660fb174c2aee84ed50051896f192c4'}",7514536,View,2024-05-23T20:49:37.791315+00:00,2024-05-23T20:49:37.814737+00:00,789,789,True,{},/orgs/MSFOCG/sources/MSFOCG/mappings/135/,7514536,False,False,False,,5166,Q-AND-A,,24717bcb-460d-4d95-b3ea-55e146a9dbab,,7514536,135,5565496,5565291,5166,5166,5565076,,/orgs/MSFOCG/sources/MSFOCG/,,5565022,,/orgs/MSFOCG/sources/MSFOCG/,,True,True
"{'smart': 'b0df841b9da1ce957ddbc24c0e6c5c1c', 'standard': '61d9ccf3042e2dceac0a5989558f0914'}",7514539,View,2024-05-23T20:49:37.882792+00:00,2024-05-23T20:49:37.892015+00:00,789,789,True,{},/orgs/MSFOCG/sources/MSFOCG/mappings/136/7514539/,7514539,False,False,True,,5166,Q-AND-A,,32883a93-d38d-455b-80d2-d119f4023e2a,,7514538,136,5565496,5565202,5166,5166,5565076,,/orgs/MSFOCG/sources/MSFOCG/,,5564961,,/orgs/MSFOCG/sources/MSFOCG/,,True,True
"{'smart': '35627888f22a5221ca0f655d58ea33c5', 'standard': '2406154f93d83b6e1a26404d8b552192'}",7514540,View,2024-05-23T20:49:38.000290+00:00,2024-05-23T20:49:38.020199+00:00,789,789,True,{},/orgs/MSFOCG/sources/MSFOCG/mappings/137/,7514540,False,False,False,,5166,Q-AND-A,,15a740a0-7e96-4c2f-ac99-8bf2d5700c41,,7514540,137,5565496,5565294,5166,5166,5565076,,/orgs/MSFOCG/sources/MSFOCG/,,5565023,,/orgs/MSFOCG/sources/MSFOCG/,,True,True
"{'smart': '8831003f3fb4a59eac2b90e4e7eebd0a', 'standard': 'c0ccf13c6950a214eb8756770a448c25'}",7514541,View,2024-05-23T20:49:38.013753+00:00,2024-05-23T20:49:38.030154+00:00,789,789,True,{},/orgs/MSFOCG/sources/MSFOCG/mappings/138/,7514541,False,False,False,,5166,Q-AND-A,,b8b0117a-1961-4fba-bfe3-b6d3fd1ef4a8,,7514541,138,5565496,5565206,5166,5166,5565076,,/orgs/MSFOCG/sources/MSFOCG/,,5564962,,/orgs/MSFOCG/sources/MSFOCG/,,True,True
"{'smart': 'f28f8fcca6b7952e7e92ed776e6999ab', 'standard': '51fc89d8c78c4e16899b220f501713d1'}",7514545,View,2024-05-23T20:49:38.143413+00:00,2024-05-23T20:49:38.147084+00:00,789,789,True,{},/orgs/MSFOCG/sources/MSFOCG/mappings/139/7514545/,7514545,False,False,True,,5166,Q-AND-A,,3c658304-4dc0-43a6-84ce-b4afc922fdcc,,7514544,139,5565496,5565239,5166,5166,5565076,,/orgs/MSFOCG/sources/MSFOCG/,,5564963,,/orgs/MSFOCG/sources/MSFOCG/,,True,True
"{'smart': 'fc5e5b09667b02a1241cc972c471933b', 'standard': 'd2a18a36c9c1b16167c20f24b0dbdb9d'}",7514546,View,2024-05-23T20:49:38.168163+00:00,2024-05-23T20:49:38.187006+00:00,789,789,True,{},/orgs/MSFOCG/sources/MSFOCG/mappings/140/,7514546,False,False,False,,5166,Q-AND-A,,6a21aab0-44cc-4728-99bf-75d0f1f6b157,,7514546,140,5565496,5565297,5166,5166,5565076,,/orgs/MSFOCG/sources/MSFOCG/,,5565024,,/orgs/MSFOCG/sources/MSFOCG/,,True,True
"{'smart': '480869334b5f0300cd9ea6da4f129721', 'standard': 'b376386edbd6f4e23b08d6e7f5e1d28b'}",7514548,View,2024-05-23T20:49:38.217950+00:00,2024-05-23T20:49:38.233160+00:00,789,789,True,{},/orgs/MSFOCG/sources/MSFOCG/mappings/141/,7514548,False,False,False,,5166,Q-AND-A,,b870d26d-f98f-464f-bbcc-b3a4c7346971,,7514548,141,5565496,5565241,5166,5166,5565076,,/orgs/MSFOCG/sources/MSFOCG/,,5564964,,/orgs/MSFOCG/sources/MSFOCG/,,True,True
"{'smart': 'f36cb8d4811bcd784c146270916e3c53', 'standard': '8ef6d1856f917e21a4252e5b0678ac99'}",7514550,View,2024-05-23T20:49:38.319190+00:00,2024-05-23T20:49:38.334422+00:00,789,789,True,{},/orgs/MSFOCG/sources/MSFOCG/mappings/142/,7514550,False,False,False,,5166,Q-AND-A,,355f8edb-d9f0-4728-922d-586634c04226,,7514550,142,5565496,5565243,5166,5166,5565076,,/orgs/MSFOCG/sources/MSFOCG/,,5564965,,/orgs/MSFOCG/sources/MSFOCG/,,True,True
"{'smart': 'a367f8e259455426ab72bb6bbdc4ed21', 'standard': 'e09ed2089b16c96a3929707300e93960'}",7514551,View,2024-05-23T20:49:38.337398+00:00,2024-05-23T20:49:38.356706+00:00,789,789,True,{},/orgs/MSFOCG/sources/MSFOCG/mappings/143/,7514551,False,False,False,,5166,Q-AND-A,,468b3b3d-59bf-4399-b958-24ca7bf42b76,,7514551,143,5565496,5565299,5166,5166,5565076,,/orgs/MSFOCG/sources/MSFOCG/,,5565025,,/orgs/MSFOCG/sources/MSFOCG/,,True,True
"{'smart': '8bf8a1002b824220377b2356bb0f443a', 'standard': 'd64a612ac0f3ab5d2f3ba4509c00957c'}",7514554,View,2024-05-23T20:49:38.424053+00:00,2024-05-23T20:49:38.439626+00:00,789,789,True,{},/orgs/MSFOCG/sources/MSFOCG/mappings/144/,7514554,False,False,False,,5166,Q-AND-A,,40b997b8-78e2-4846-8284-1fd81c0fb1e7,,7514554,144,5565496,5565245,5166,5166,5565076,,/orgs/MSFOCG/sources/MSFOCG/,,5564966,,/orgs/MSFOCG/sources/MSFOCG/,,True,True
"{'smart': 'af67c24978fbbb92f505f857ff199007', 'standard': '31731d4973757c81f4349564cb505c5f'}",7514556,View,2024-05-23T20:49:38.507514+00:00,2024-05-23T20:49:38.527261+00:00,789,789,True,{},/orgs/MSFOCG/sources/MSFOCG/mappings/145/,7514556,False,False,False,,5166,Q-AND-A,,28b0cf90-7b25-42f1-b489-bb3c36a92a64,,7514556,145,5565496,5565302,5166,5166,5565076,,/orgs/MSFOCG/sources/MSFOCG/,,5565026,,/orgs/MSFOCG/sources/MSFOCG/,,True,True
"{'smart': 'a09dd71aa74eef04cd1efeaafd0926dd', 'standard': '5f4f06f5ce47cadcde7fa112fa1aef38'}",7514559,View,2024-05-23T20:49:38.557785+00:00,2024-05-23T20:49:38.561913+00:00,789,789,True,{},/orgs/MSFOCG/sources/MSFOCG/mappings/146/7514559/,7514559,False,False,True,,5166,Q-AND-A,,6cd79df6-9221-4540-980a-a4240d4eeee4,,7514557,146,5565496,5565384,5166,5166,5565076,,/orgs/MSFOCG/sources/MSFOCG/,,5564967,,/orgs/MSFOCG/sources/MSFOCG/,,True,True
"{'smart': '2205e6b2d8ea23f113ec96945f52f303', 'standard': '1ae730eeb8a85567112253e317e551eb'}",7514560,View,2024-05-23T20:49:38.635892+00:00,2024-05-23T20:49:38.650294+00:00,789,789,True,{},/orgs/MSFOCG/sources/MSFOCG/mappings/147/,7514560,False,False,False,,5166,Q-AND-A,,5335081d-1e8c-4f84-8d3e-43afe063f952,,7514560,147,5565496,5565389,5166,5166,5565076,,/orgs/MSFOCG/sources/MSFOCG/,,5564968,,/orgs/MSFOCG/sources/MSFOCG/,,True,True
"{'smart': 'a857a0a6ba494112e8fd11acda35fa47', 'standard': 'f935b38a93bca9069da826956f9bf0cd'}",7514563,View,2024-05-23T20:49:38.710683+00:00,2024-05-23T20:49:38.718073+00:00,789,789,True,{},/orgs/MSFOCG/sources/MSFOCG/mappings/148/7514563/,7514563,False,False,True,,5166,Q-AND-A,,fede9338-a9c6-49fc-87bf-fca48c28a85a,,7514562,148,5565496,5565304,5166,5166,5565076,,/orgs/MSFOCG/sources/MSFOCG/,,5565027,,/orgs/MSFOCG/sources/MSFOCG/,,True,True
"{'smart': 'e333d36cd509cd30e0b3562cc169b288', 'standard': '18ed049d22eec6da37d3bc82171435b5'}",7514564,View,2024-05-23T20:49:38.747180+00:00,2024-05-23T20:49:38.762524+00:00,789,789,True,{},/orgs/MSFOCG/sources/MSFOCG/mappings/149/,7514564,False,False,False,,5166,Q-AND-A,,af5c89f2-0d17-4dff-bc0f-633e327c360b,,7514564,149,5565496,5565393,5166,5166,5565076,,/orgs/MSFOCG/sources/MSFOCG/,,5564969,,/orgs/MSFOCG/sources/MSFOCG/,,True,True
"{'smart': 'c4ca5d7353273bdb27e0a7bc3bffe27e', 'standard': '6c420e81b847618f0c5fc787c26acf8c'}",7514566,View,2024-05-23T20:49:38.852052+00:00,2024-05-23T20:49:38.869992+00:00,789,789,True,{},/orgs/MSFOCG/sources/MSFOCG/mappings/150/,7514566,False,False,False,,5166,Q-AND-A,,8fa87e7c-32cf-4847-992e-fbd116f9869f,,7514566,150,5565496,5565398,5166,5166,5565076,,/orgs/MSFOCG/sources/MSFOCG/,,5564970,,/orgs/MSFOCG/sources/MSFOCG/,,True,True
"{'smart': '4bb3e211430581b5887f5dee48974f06', 'standard': 'c8860feb859d62f164d0e3c59e046506'}",7514570,View,2024-05-23T20:49:38.965768+00:00,2024-05-23T20:49:38.981517+00:00,789,789,True,{},/orgs/MSFOCG/sources/MSFOCG/mappings/152/,7514570,False,False,False,,5166,Q-AND-A,,a14828a1-0ee9-4c4c-b4a3-23a7a56eb5c4,,7514570,152,5565496,5565403,5166,5166,5565076,,/orgs/MSFOCG/sources/MSFOCG/,,5564971,,/orgs/MSFOCG/sources/MSFOCG/,,True,True
"{'smart': '4deeebfb79c525838b6de2be3e30bbc0', 'standard': '0d73c7a59e69fdae2ebe3e2394e0c2f3'}",7514573,View,2024-05-23T20:49:39.088580+00:00,2024-05-23T20:49:39.093830+00:00,789,789,True,{},/orgs/MSFOCG/sources/MSFOCG/mappings/153/7514573/,7514573,False,False,True,,5166,Q-AND-A,,e08bf7f0-3b67-46a0-a312-2c08191dd625,,7514572,153,5565496,5565309,5166,5166,5565076,,/orgs/MSFOCG/sources/MSFOCG/,,5565029,,/orgs/MSFOCG/sources/MSFOCG/,,True,True
"{'smart': '327a7a7c5dd35b70a7d1402f5f7432f6', 'standard': '773e7f8ffcdd82976429a2686b475d6a'}",7514575,View,2024-05-23T20:49:39.138349+00:00,2024-05-23T20:49:39.142762+00:00,789,789,True,{},/orgs/MSFOCG/sources/MSFOCG/mappings/154/7514575/,7514575,False,False,True,,5166,Q-AND-A,,775d4f7e-175c-42ff-ac21-41fbd9a882bf,,7514574,154,5565496,5565408,5166,5166,5565076,,/orgs/MSFOCG/sources/MSFOCG/,,5564972,,/orgs/MSFOCG/sources/MSFOCG/,,True,True
"{'smart': '95fc982856b4c2a17cc01e426e4de022', 'standard': '122937ca9c0a9d04b325cacca98c2853'}",7514577,View,2024-05-23T20:49:39.239645+00:00,2024-05-23T20:49:39.258821+00:00,789,789,True,{},/orgs/MSFOCG/sources/MSFOCG/mappings/156/,7514577,False,False,False,,5166,Q-AND-A,,65152942-a581-4f66-b677-2a13421fc52b,,7514577,156,5565496,5565311,5166,5166,5565076,,/orgs/MSFOCG/sources/MSFOCG/,,5565030,,/orgs/MSFOCG/sources/MSFOCG/,,True,True
"{'smart': '367d06c37dac999e577c84337147f53f', 'standard': 'ef53bbc323a492ea914284723d2b29a7'}",7514578,View,2024-05-23T20:49:39.242989+00:00,2024-05-23T20:49:39.248574+00:00,789,789,True,{},/orgs/MSFOCG/sources/MSFOCG/mappings/155/7514578/,7514578,False,False,True,,5166,Q-AND-A,,cb6a4c2c-53ef-42f0-bd89-7592329f2b54,,7514576,155,5565496,5565413,5166,5166,5565076,,/orgs/MSFOCG/sources/MSFOCG/,,5564973,,/orgs/MSFOCG/sources/MSFOCG/,,True,True
"{'smart': '74aee44cd2562aef2b4080fe3fb294df', 'standard': '3e57f98b1de0c5ce9057f73d23715269'}",7514580,View,2024-05-23T20:49:39.321332+00:00,2024-05-23T20:49:39.338557+00:00,789,789,True,{},/orgs/MSFOCG/sources/MSFOCG/mappings/157/,7514580,False,False,False,,5166,Q-AND-A,,4baa1a3c-40c5-47cd-a850-938042093587,,7514580,157,5565496,5565418,5166,5166,5565076,,/orgs/MSFOCG/sources/MSFOCG/,,5564974,,/orgs/MSFOCG/sources/MSFOCG/,,True,True
"{'smart': '3bb2dc40fbc44bd26cdbeacdc65de6cb', 'standard': 'a019b6bb26daa75b6e4a2098d332ef05'}",7514582,View,2024-05-23T20:49:39.408468+00:00,2024-05-23T20:49:39.427692+00:00,789,789,True,{},/orgs/MSFOCG/sources/MSFOCG/mappings/158/,7514582,False,False,False,,5166,Q-AND-A,,ddc0d2a2-2d29-49e6-83a9-cdf99f2329da,,7514582,158,5565496,5565314,5166,5166,5565076,,/orgs/MSFOCG/sources/MSFOCG/,,5565031,,/orgs/MSFOCG/sources/MSFOCG/,,True,True
"{'smart': '460d8f9461d1247524defac432b1aabe', 'standard': '63c20eb8ee4bd43c835e6a2245a49d42'}",7514585,View,2024-05-23T20:49:39.451045+00:00,2024-05-23T20:49:39.455780+00:00,789,789,True,{},/orgs/MSFOCG/sources/MSFOCG/mappings/159/7514585/,7514585,False,False,True,,5166,Q-AND-A,,d549c1b1-42e0-4948-b1b6-3103f74e98e7,,7514583,159,5565496,5565421,5166,5166,5565076,,/orgs/MSFOCG/sources/MSFOCG/,,5564975,,/orgs/MSFOCG/sources/MSFOCG/,,True,True
"{'smart': 'b837d0581091baedb3352708bfe25ffb', 'standard': '7749349e050a4afc33b820688fbdb91a'}",7514586,View,2024-05-23T20:49:39.531331+00:00,2024-05-23T20:49:39.545968+00:00,789,789,True,{},/orgs/MSFOCG/sources/MSFOCG/mappings/160/,7514586,False,False,False,,5166,Q-AND-A,,5dcaee84-8815-4b4f-9294-e216bc777890,,7514586,160,5565496,5565426,5166,5166,5565076,,/orgs/MSFOCG/sources/MSFOCG/,,5564976,,/orgs/MSFOCG/sources/MSFOCG/,,True,True
"{'smart': 'd7edbcad5cb964cef4f9df274ec7e95e', 'standard': '5335b3f8e3ed9ff9e46fd3348b492520'}",7514588,View,2024-05-23T20:49:39.575906+00:00,2024-05-23T20:49:39.594548+00:00,789,789,True,{},/orgs/MSFOCG/sources/MSFOCG/mappings/161/,7514588,False,False,False,,5166,Q-AND-A,,e169f878-432b-492b-8394-81faa3065dfe,,7514588,161,5565496,5565316,5166,5166,5565076,,/orgs/MSFOCG/sources/MSFOCG/,,5565032,,/orgs/MSFOCG/sources/MSFOCG/,,True,True
"{'smart': '6a992c49c254243570078930113f5351', 'standard': 'c9b6593716712c55ab69b2587f4f66ff'}",7514591,View,2024-05-23T20:49:39.659495+00:00,2024-05-23T20:49:39.665476+00:00,789,789,True,{},/orgs/MSFOCG/sources/MSFOCG/mappings/162/7514591/,7514591,False,False,True,,5166,Q-AND-A,,88c50d70-5b1f-476a-b45e-f79691e7f87d,,7514590,162,5565496,5565431,5166,5166,5565076,,/orgs/MSFOCG/sources/MSFOCG/,,5564977,,/orgs/MSFOCG/sources/MSFOCG/,,True,True
"{'smart': 'e5f949b26ce3a5c15ca0b4f519557a95', 'standard': '6dd77a47e975a4a45d1b0c24356303de'}",7514594,View,2024-05-23T20:49:39.771634+00:00,2024-05-23T20:49:39.776034+00:00,789,789,True,{},/orgs/MSFOCG/sources/MSFOCG/mappings/163/7514594/,7514594,False,False,True,,5166,Q-AND-A,,fbb78d35-e347-47b2-8e3a-19d9108c0a8b,,7514592,163,5565496,5565436,5166,5166,5565076,,/orgs/MSFOCG/sources/MSFOCG/,,5564978,,/orgs/MSFOCG/sources/MSFOCG/,,True,True
"{'smart': '9b2791174489dc2e242a96684e078368', 'standard': '834375a63b5269fcf01f75218359cfd0'}",7514595,View,2024-05-23T20:49:39.787975+00:00,2024-05-23T20:49:39.793875+00:00,789,789,True,{},/orgs/MSFOCG/sources/MSFOCG/mappings/164/7514595/,7514595,False,False,True,,5166,Q-AND-A,,8c09f78c-9bed-4836-aea4-cfa89563f7ca,,7514593,164,5565496,5565319,5166,5166,5565076,,/orgs/MSFOCG/sources/MSFOCG/,,5565033,,/orgs/MSFOCG/sources/MSFOCG/,,True,True
"{'smart': 'af3e39e61e50729b70e9769c8e8b7a74', 'standard': 'd6928f7275fa4d4010b8faef770d028d'}",7514597,View,2024-05-23T20:49:39.877249+00:00,2024-05-23T20:49:39.881518+00:00,789,789,True,{},/orgs/MSFOCG/sources/MSFOCG/mappings/165/7514597/,7514597,False,False,True,,5166,Q-AND-A,,4ef257ff-46b5-481b-b1eb-046adabe8e25,,7514596,165,5565496,5565441,5166,5166,5565076,,/orgs/MSFOCG/sources/MSFOCG/,,5564979,,/orgs/MSFOCG/sources/MSFOCG/,,True,True
"{'smart': 'e704c5df7cc984154e836fc25fb83551', 'standard': 'ba98e55b34fa515137937edd57d106f0'}",7514598,View,2024-05-23T20:49:39.924866+00:00,2024-05-23T20:49:39.944282+00:00,789,789,True,{},/orgs/MSFOCG/sources/MSFOCG/mappings/166/,7514598,False,False,False,,5166,Q-AND-A,,f946d032-14d2-4500-b10e-0008157fd30a,,7514598,166,5565496,5565321,5166,5166,5565076,,/orgs/MSFOCG/sources/MSFOCG/,,5565034,,/orgs/MSFOCG/sources/MSFOCG/,,True,True
"{'smart': 'b59ff1b7694a85d17512cbf3b20aeab7', 'standard': 'bbc521ce193386ecbe142fef97efef0d'}",7514601,View,2024-05-23T20:49:39.982676+00:00,2024-05-23T20:49:39.987504+00:00,789,789,True,{},/orgs/MSFOCG/sources/MSFOCG/mappings/167/7514601/,7514601,False,False,True,,5166,Q-AND-A,,1cc57012-07e5-4a6c-a9af-a1c043d82555,,7514600,167,5565496,5565445,5166,5166,5565076,,/orgs/MSFOCG/sources/MSFOCG/,,5564980,,/orgs/MSFOCG/sources/MSFOCG/,,True,True
"{'smart': 'fbf267bf92acd4190c9eecbbe7e17839', 'standard': '59413e9440d361794e32b5da1ce72c49'}",7514602,View,2024-05-23T20:49:40.095877+00:00,2024-05-23T20:49:40.117367+00:00,789,789,True,{},/orgs/MSFOCG/sources/MSFOCG/mappings/168/,7514602,False,False,False,,5166,Q-AND-A,,d5251d04-9df3-4ae6-8661-76a84cfa38cf,,7514602,168,5565496,5565448,5166,5166,5565076,,/orgs/MSFOCG/sources/MSFOCG/,,5564981,,/orgs/MSFOCG/sources/MSFOCG/,,True,True
"{'smart': 'c709f8f82f0fbb0c229377466e38d5d9', 'standard': 'acc7a2b9b1507cfaf78692a220b75346'}",7514603,View,2024-05-23T20:49:40.114746+00:00,2024-05-23T20:49:40.135655+00:00,789,789,True,{},/orgs/MSFOCG/sources/MSFOCG/mappings/169/,7514603,False,False,False,,5166,Q-AND-A,,02297943-a23d-4edc-a71c-66f96e0cf9a5,,7514603,169,5565496,5565324,5166,5166,5565076,,/orgs/MSFOCG/sources/MSFOCG/,,5565035,,/orgs/MSFOCG/sources/MSFOCG/,,True,True
"{'smart': '45ac8d7c73803fa1c8214f83c4913e2b', 'standard': 'cae039b70411d4b3735f263a770e5dd6'}",7514606,View,2024-05-23T20:49:40.215373+00:00,2024-05-23T20:49:40.230537+00:00,789,789,True,{},/orgs/MSFOCG/sources/MSFOCG/mappings/170/,7514606,False,False,False,,5166,Q-AND-A,,c602ee42-31e5-4836-a2dd-14ea3c2f6735,,7514606,170,5565496,5565450,5166,5166,5565076,,/orgs/MSFOCG/sources/MSFOCG/,,5564982,,/orgs/MSFOCG/sources/MSFOCG/,,True,True
"{'smart': '0240a19a3a6f0262d0dcf986c9b4218b', 'standard': 'e6ed659f14ae2fc31bfb2537808091f3'}",7514608,View,2024-05-23T20:49:40.290263+00:00,2024-05-23T20:49:40.310464+00:00,789,789,True,{},/orgs/MSFOCG/sources/MSFOCG/mappings/171/,7514608,False,False,False,,5166,Q-AND-A,,7749aaee-c82f-44bb-b4ba-d99c4bae788c,,7514608,171,5565496,5565327,5166,5166,5565076,,/orgs/MSFOCG/sources/MSFOCG/,,5565036,,/orgs/MSFOCG/sources/MSFOCG/,,True,True
"{'smart': 'b10277f956670f307af6b47d3dfda22c', 'standard': 'd521dbeee6f7542620b44c7356ab7c25'}",7514609,View,2024-05-23T20:49:40.318132+00:00,2024-05-23T20:49:40.334887+00:00,789,789,True,{},/orgs/MSFOCG/sources/MSFOCG/mappings/172/,7514609,False,False,False,,5166,Q-AND-A,,8240fd07-71c8-4fa1-b22e-c4953374966e,,7514609,172,5565496,5565452,5166,5166,5565076,,/orgs/MSFOCG/sources/MSFOCG/,,5564983,,/orgs/MSFOCG/sources/MSFOCG/,,True,True
"{'smart': '21bad1714bf577ec96aed6016c71dc0e', 'standard': '161a6039828242545442ffe03a740199'}",7514612,View,2024-05-23T20:49:40.422922+00:00,2024-05-23T20:49:40.437997+00:00,789,789,True,{},/orgs/MSFOCG/sources/MSFOCG/mappings/173/,7514612,False,False,False,,5166,Q-AND-A,,0e93a0ef-e83b-4428-a108-bc9ad26968ca,,7514612,173,5565496,5565454,5166,5166,5565076,,/orgs/MSFOCG/sources/MSFOCG/,,5564984,,/orgs/MSFOCG/sources/MSFOCG/,,True,True
"{'smart': 'c7462ad1e36f9f0149581ea8b5704788', 'standard': '8c552b85a2656ac97fcbac9616e2f0b9'}",7514614,View,2024-05-23T20:49:40.458109+00:00,2024-05-23T20:49:40.476996+00:00,789,789,True,{},/orgs/MSFOCG/sources/MSFOCG/mappings/174/,7514614,False,False,False,,5166,Q-AND-A,,4fba7935-07ea-434e-bd9e-2a781789dd5f,,7514614,174,5565496,5565329,5166,5166,5565076,,/orgs/MSFOCG/sources/MSFOCG/,,5565037,,/orgs/MSFOCG/sources/MSFOCG/,,True,True
"{'smart': 'd4cf5dc4265f7fe637433a37e20ccedc', 'standard': '2d21dbc04613a2db478d63660bab372d'}",7514617,View,2024-05-23T20:49:40.547807+00:00,2024-05-23T20:49:40.552568+00:00,789,789,True,{},/orgs/MSFOCG/sources/MSFOCG/mappings/175/7514617/,7514617,False,False,True,,5166,Q-AND-A,,743e6d34-e9da-4c05-983a-2ecbaacc4386,,7514616,175,5565496,5565456,5166,5166,5565076,,/orgs/MSFOCG/sources/MSFOCG/,,5564985,,/orgs/MSFOCG/sources/MSFOCG/,,True,True
"{'smart': 'bad837dc476b43ae85275c91f9c254f9', 'standard': '1794b6bd6ef22580dea8002fe60c6212'}",7514618,View,2024-05-23T20:49:40.627707+00:00,2024-05-23T20:49:40.642701+00:00,789,789,True,{},/orgs/MSFOCG/sources/MSFOCG/mappings/176/,7514618,False,False,False,,5166,Q-AND-A,,fc10bdee-dfbc-4829-8f2c-dd7b499bb9ec,,7514618,176,5565496,5565458,5166,5166,5565076,,/orgs/MSFOCG/sources/MSFOCG/,,5564986,,/orgs/MSFOCG/sources/MSFOCG/,,True,True
"{'smart': 'd3923759ab17f6909522999e27076da7', 'standard': '6d5abfc73cef0e29f610ce5c1a8d08ff'}",7514619,View,2024-05-23T20:49:40.629649+00:00,2024-05-23T20:49:40.648717+00:00,789,789,True,{},/orgs/MSFOCG/sources/MSFOCG/mappings/177/,7514619,False,False,False,,5166,Q-AND-A,,1d81d281-ba04-4fa4-940c-e5475f960660,,7514619,177,5565496,5565332,5166,5166,5565076,,/orgs/MSFOCG/sources/MSFOCG/,,5565038,,/orgs/MSFOCG/sources/MSFOCG/,,True,True
"{'smart': 'bbe3696738888a368a183e4886f1b498', 'standard': '180c8c4e08ed3258b19f4c74558fe8bd'}",7514622,View,2024-05-23T20:49:40.730639+00:00,2024-05-23T20:49:40.746665+00:00,789,789,True,{},/orgs/MSFOCG/sources/MSFOCG/mappings/178/,7514622,False,False,False,,5166,Q-AND-A,,8bb5f44b-d929-4d51-b2b8-ef1cde0905a2,,7514622,178,5565496,5565460,5166,5166,5565076,,/orgs/MSFOCG/sources/MSFOCG/,,5564987,,/orgs/MSFOCG/sources/MSFOCG/,,True,True
"{'smart': 'd1717db8035a58b0e65f3e1cebfda25f', 'standard': '6f2c648ac2d4a748e1cfd5937f7e5b56'}",7514624,View,2024-05-23T20:49:40.799350+00:00,2024-05-23T20:49:40.819770+00:00,789,789,True,{},/orgs/MSFOCG/sources/MSFOCG/mappings/179/,7514624,False,False,False,,5166,Q-AND-A,,bef56440-c5f3-451b-9e0a-4b68374cf56d,,7514624,179,5565496,5565334,5166,5166,5565076,,/orgs/MSFOCG/sources/MSFOCG/,,5565039,,/orgs/MSFOCG/sources/MSFOCG/,,True,True
"{'smart': '9e0b598f635e6a48b677fc5cc496bfb5', 'standard': '382a16f83da5d1ad98bb04f9bb7ef411'}",7514626,View,2024-05-23T20:49:40.850828+00:00,2024-05-23T20:49:40.864976+00:00,789,789,True,{},/orgs/MSFOCG/sources/MSFOCG/mappings/180/,7514626,False,False,False,,5166,Q-AND-A,,b2e2ccec-3971-4a6e-a163-d64f72974f5f,,7514626,180,5565496,5565462,5166,5166,5565076,,/orgs/MSFOCG/sources/MSFOCG/,,5564988,,/orgs/MSFOCG/sources/MSFOCG/,,True,True
"{'smart': 'da7e26fb6d8161c2cee429e0092633d4', 'standard': 'dae0bbb75bcd4f9cdeb8dc40fec7c863'}",7514628,View,2024-05-23T20:49:40.951074+00:00,2024-05-23T20:49:40.965767+00:00,789,789,True,{},/orgs/MSFOCG/sources/MSFOCG/mappings/181/,7514628,False,False,False,,5166,Q-AND-A,,bad82192-1b32-49a2-a30b-b37d378469ac,,7514628,181,5565496,5565464,5166,5166,5565076,,/orgs/MSFOCG/sources/MSFOCG/,,5564989,,/orgs/MSFOCG/sources/MSFOCG/,,True,True
"{'smart': '979ca8d96a70f4b7d71fad3d74ee12f6', 'standard': 'bdd5482454dd14e34d1274e1652ee284'}",7514629,View,2024-05-23T20:49:40.967328+00:00,2024-05-23T20:49:40.987137+00:00,789,789,True,{},/orgs/MSFOCG/sources/MSFOCG/mappings/182/,7514629,False,False,False,,5166,Q-AND-A,,81339f44-1fda-4a3a-a36f-96d462ad0073,,7514629,182,5565496,5565337,5166,5166,5565076,,/orgs/MSFOCG/sources/MSFOCG/,,5565040,,/orgs/MSFOCG/sources/MSFOCG/,,True,True
"{'smart': '4fb7279b652f00c6f0c076ba8c0ad79c', 'standard': '114984dba014e4daa9a0411f2f76fd5a'}",7514632,View,2024-05-23T20:49:41.054713+00:00,2024-05-23T20:49:41.069811+00:00,789,789,True,{},/orgs/MSFOCG/sources/MSFOCG/mappings/183/,7514632,False,False,False,,5166,Q-AND-A,,128d5883-a5d6-4a68-b6b6-b080318067f5,,7514632,183,5565496,5565466,5166,5166,5565076,,/orgs/MSFOCG/sources/MSFOCG/,,5564990,,/orgs/MSFOCG/sources/MSFOCG/,,True,True
"{'smart': '45b55aa4845152891c60a2620ebc6cf6', 'standard': 'e872240c2ee151c886868a8d669cb7e3'}",7514634,View,2024-05-23T20:49:41.143294+00:00,2024-05-23T20:49:41.162371+00:00,789,789,True,{},/orgs/MSFOCG/sources/MSFOCG/mappings/184/,7514634,False,False,False,,5166,Q-AND-A,,2482a7ef-891f-4693-a04b-81718c8ebd22,,7514634,184,5565496,5565340,5166,5166,5565076,,/orgs/MSFOCG/sources/MSFOCG/,,5565041,,/orgs/MSFOCG/sources/MSFOCG/,,True,True
"{'smart': '8d3e808bb79140734c17d2dc7f2a48d7', 'standard': '11181177026afbde05d3d27535decd99'}",7514637,View,2024-05-23T20:49:41.191507+00:00,2024-05-23T20:49:41.195548+00:00,789,789,True,{},/orgs/MSFOCG/sources/MSFOCG/mappings/185/7514637/,7514637,False,False,True,,5166,Q-AND-A,,da134ee7-c1c7-4cd5-b445-4c07cfe62598,,7514635,185,5565496,5565468,5166,5166,5565076,,/orgs/MSFOCG/sources/MSFOCG/,,5564991,,/orgs/MSFOCG/sources/MSFOCG/,,True,True
"{'smart': 'eabd430fc70ff7b64aa232668cb49fcd', 'standard': '4586515f9ecd6aef91f69e9104cb61ff'}",7514638,View,2024-05-23T20:49:41.272378+00:00,2024-05-23T20:49:41.286867+00:00,789,789,True,{},/orgs/MSFOCG/sources/MSFOCG/mappings/186/,7514638,False,False,False,,5166,Q-AND-A,,92e99a16-8bb8-4f1c-97e8-6cad1ba08a98,,7514638,186,5565496,5565470,5166,5166,5565076,,/orgs/MSFOCG/sources/MSFOCG/,,5564992,,/orgs/MSFOCG/sources/MSFOCG/,,True,True
"{'smart': '4b2be5a0f06a37da7260cb7fd4d6bd77', 'standard': '1c5d23e16e6f04b87ea3c30b85072e49'}",7514640,View,2024-05-23T20:49:41.316061+00:00,2024-05-23T20:49:41.336607+00:00,789,789,True,{},/orgs/MSFOCG/sources/MSFOCG/mappings/187/,7514640,False,False,False,,5166,Q-AND-A,,e45dd83a-ee66-46d9-a1f0-89d23d50954a,,7514640,187,5565496,5565342,5166,5166,5565076,,/orgs/MSFOCG/sources/MSFOCG/,,5565042,,/orgs/MSFOCG/sources/MSFOCG/,,True,True
"{'smart': '44048f5a9e15553932492b62ad480b92', 'standard': '7f438d836f5fa80ce6f11d42d86f12c6'}",7514642,View,2024-05-23T20:49:41.370428+00:00,2024-05-23T20:49:41.385975+00:00,789,789,True,{},/orgs/MSFOCG/sources/MSFOCG/mappings/188/,7514642,False,False,False,,5166,Q-AND-A,,b432d92b-8c7c-4271-b936-81c66ceba570,,7514642,188,5565496,5565472,5166,5166,5565076,,/orgs/MSFOCG/sources/MSFOCG/,,5564993,,/orgs/MSFOCG/sources/MSFOCG/,,True,True
"{'smart': '1bed28b8077e253e1662eb515e7a9296', 'standard': '6a1248ec984f6cef07f0e96defcf5887'}",7514644,View,2024-05-23T20:49:41.475788+00:00,2024-05-23T20:49:41.498727+00:00,789,789,True,{},/orgs/MSFOCG/sources/MSFOCG/mappings/189/,7514644,False,False,False,,5166,Q-AND-A,,d5e4c76f-b626-4b5d-b242-acb31d685d70,,7514644,189,5565496,5565474,5166,5166,5565076,,/orgs/MSFOCG/sources/MSFOCG/,,5564994,,/orgs/MSFOCG/sources/MSFOCG/,,True,True
"{'smart': 'e7edf34c22c93a05b125ab94cf5a4f0e', 'standard': '3152ddeeaa82c3159217f96ba23f64f5'}",7514647,View,2024-05-23T20:49:41.516281+00:00,2024-05-23T20:49:41.522119+00:00,789,789,True,{},/orgs/MSFOCG/sources/MSFOCG/mappings/190/7514647/,7514647,False,False,True,,5166,Q-AND-A,,377f8462-8482-48a5-a5a7-6a0fa319ccee,,7514645,190,5565496,5565345,5166,5166,5565076,,/orgs/MSFOCG/sources/MSFOCG/,,5565043,,/orgs/MSFOCG/sources/MSFOCG/,,True,True
"{'smart': '0c8f5011d5ed43e67ab9893700df3448', 'standard': 'cceae20c99d31cc876a645905b3f54d4'}",7514649,View,2024-05-23T20:49:41.617990+00:00,2024-05-23T20:49:41.622472+00:00,789,789,True,{},/orgs/MSFOCG/sources/MSFOCG/mappings/191/7514649/,7514649,False,False,True,,5166,Q-AND-A,,9fef3b82-c1e6-49ea-92f7-bc3d2a430085,,7514648,191,5565496,5565476,5166,5166,5565076,,/orgs/MSFOCG/sources/MSFOCG/,,5564995,,/orgs/MSFOCG/sources/MSFOCG/,,True,True
"{'smart': '7781bf8e2faa38c0d1b3a769c1c7e5f0', 'standard': 'f16ecf6603b341e6d5953c43f10ba7bd'}",7514650,View,2024-05-23T20:49:41.655086+00:00,2024-05-23T20:49:41.675055+00:00,789,789,True,{},/orgs/MSFOCG/sources/MSFOCG/mappings/192/,7514650,False,False,False,,5166,Q-AND-A,,8c04e4d5-3475-463f-84fe-89b372f15e5a,,7514650,192,5565496,5565347,5166,5166,5565076,,/orgs/MSFOCG/sources/MSFOCG/,,5565044,,/orgs/MSFOCG/sources/MSFOCG/,,True,True
"{'smart': '66a0e75412b308d44a26b6dcf8a41076', 'standard': '3e55c2f94a27ae43578daac96493d2cd'}",7514652,View,2024-05-23T20:49:41.697224+00:00,2024-05-23T20:49:41.711747+00:00,789,789,True,{},/orgs/MSFOCG/sources/MSFOCG/mappings/193/,7514652,False,False,False,,5166,Q-AND-A,,f74a2e4c-868d-410f-bafe-bbf01c5ebc78,,7514652,193,5565496,5565478,5166,5166,5565076,,/orgs/MSFOCG/sources/MSFOCG/,,5564996,,/orgs/MSFOCG/sources/MSFOCG/,,True,True
"{'smart': '1cf79fe4a2fc26cb6abfe7e3aece3210', 'standard': '806b7243cd963a57222d513c0e149886'}",7514654,View,2024-05-23T20:49:41.813375+00:00,2024-05-23T20:49:41.829892+00:00,789,789,True,{},/orgs/MSFOCG/sources/MSFOCG/mappings/194/,7514654,False,False,False,,5166,Q-AND-A,,55d2bc60-f9b9-4376-986a-d5607108ce07,,7514654,194,5565496,5565480,5166,5166,5565076,,/orgs/MSFOCG/sources/MSFOCG/,,5564997,,/orgs/MSFOCG/sources/MSFOCG/,,True,True
"{'smart': 'ae95271ef588c1d7116311f04c84c2c5', 'standard': '8e529227fb752dc4bc1ec8d726951784'}",7514657,View,2024-05-23T20:49:41.871931+00:00,2024-05-23T20:49:41.877151+00:00,789,789,True,{},/orgs/MSFOCG/sources/MSFOCG/mappings/195/7514657/,7514657,False,False,True,,5166,Q-AND-A,,70dc56e9-0167-4a51-b027-13a62d9cf902,,7514655,195,5565496,5565350,5166,5166,5565076,,/orgs/MSFOCG/sources/MSFOCG/,,5565045,,/orgs/MSFOCG/sources/MSFOCG/,,True,True
"{'smart': '57108b5134368ecdfc1e7abb1322bbc2', 'standard': 'e93130a071e765e627d02d166b4b5d6a'}",7514659,View,2024-05-23T20:49:42.026460+00:00,2024-05-23T20:49:42.030888+00:00,789,789,True,{},/orgs/MSFOCG/sources/MSFOCG/mappings/196/7514659/,7514659,False,False,True,,5166,Q-AND-A,,d478b711-564d-4da9-a342-99fe14de1b2e,,7514658,196,5565496,5565482,5166,5166,5565076,,/orgs/MSFOCG/sources/MSFOCG/,,5564998,,/orgs/MSFOCG/sources/MSFOCG/,,True,True
"{'smart': 'f1cde7de146d0c2285b5a32271ac3186', 'standard': 'e75265f471a538c54bef59b15930232e'}",7514661,View,2024-05-23T20:49:42.280836+00:00,2024-05-23T20:49:42.323340+00:00,789,789,True,{},/orgs/MSFOCG/sources/MSFOCG/mappings/198/,7514661,False,False,False,,5166,Q-AND-A,,71213a52-ab12-4222-961d-1b4000b2e57e,,7514661,198,5565496,5565484,5166,5166,5565076,,/orgs/MSFOCG/sources/MSFOCG/,,5564999,,/orgs/MSFOCG/sources/MSFOCG/,,True,True
"{'smart': 'e4ee86748a834f42cfdfd2d1ec9b6480', 'standard': '0ea3e212e8777f32e6caa4583e50e259'}",7514662,View,2024-05-23T20:49:42.286532+00:00,2024-05-23T20:49:42.303504+00:00,789,789,True,{},/orgs/MSFOCG/sources/MSFOCG/mappings/197/7514662/,7514662,False,False,True,,5166,Q-AND-A,,c9c11de2-2589-4a91-8c1e-53a2ab39cb64,,7514660,197,5565496,5565353,5166,5166,5565076,,/orgs/MSFOCG/sources/MSFOCG/,,5565046,,/orgs/MSFOCG/sources/MSFOCG/,,True,True
"{'smart': '1fe28e942e12f21b84b7a309d00ef5c2', 'standard': '1c0c58ef33f837805339b2f7432a45e4'}",7514664,View,2024-05-23T20:49:42.428851+00:00,2024-05-23T20:49:42.444647+00:00,789,789,True,{},/orgs/MSFOCG/sources/MSFOCG/mappings/199/,7514664,False,False,False,,5166,Q-AND-A,,b4aa01db-1420-4a45-ab49-167168716385,,7514664,199,5565496,5565486,5166,5166,5565076,,/orgs/MSFOCG/sources/MSFOCG/,,5565000,,/orgs/MSFOCG/sources/MSFOCG/,,True,True
"{'smart': '43feb116a0e2a0543e1eb7b91fe5d0f8', 'standard': '464708b4b64fd7333a4fa6d88def19ea'}",7514667,View,2024-05-23T20:49:42.486436+00:00,2024-05-23T20:49:42.492569+00:00,789,789,True,{},/orgs/MSFOCG/sources/MSFOCG/mappings/200/7514667/,7514667,False,False,True,,5166,Q-AND-A,,24148805-12c0-4274-8bb2-8a6326c5e65f,,7514666,200,5565496,5565355,5166,5166,5565076,,/orgs/MSFOCG/sources/MSFOCG/,,5565047,,/orgs/MSFOCG/sources/MSFOCG/,,True,True
"{'smart': '3b120a4cf9cd67a1addfce0585889abc', 'standard': '9c3f8cc527b42b76f4caeac650a3a175'}",7514668,View,2024-05-23T20:49:42.532343+00:00,2024-05-23T20:49:42.548288+00:00,789,789,True,{},/orgs/MSFOCG/sources/MSFOCG/mappings/201/,7514668,False,False,False,,5166,Q-AND-A,,861de4e2-718d-4f8f-abb6-436e4340535b,,7514668,201,5565496,5565488,5166,5166,5565076,,/orgs/MSFOCG/sources/MSFOCG/,,5565001,,/orgs/MSFOCG/sources/MSFOCG/,,True,True
"{'smart': '8d9f86c7d1b2c022136adcb148910b81', 'standard': '4e4bb90c895a7a16a9e8256db049a93a'}",7514671,View,2024-05-23T20:49:42.648251+00:00,2024-05-23T20:49:42.674039+00:00,789,789,True,{},/orgs/MSFOCG/sources/MSFOCG/mappings/203/,7514671,False,False,False,,5166,Q-AND-A,,cba65fbc-0017-4aa1-a72c-4f14f754669e,,7514671,203,5565496,5565490,5166,5166,5565076,,/orgs/MSFOCG/sources/MSFOCG/,,5565002,,/orgs/MSFOCG/sources/MSFOCG/,,True,True
"{'smart': 'b7b73e03140088c010260c977a7ac224', 'standard': 'fc18738d2dc247329bb003357f1b9ea6'}",7514672,View,2024-05-23T20:49:42.678778+00:00,2024-05-23T20:49:42.686199+00:00,789,789,True,{},/orgs/MSFOCG/sources/MSFOCG/mappings/202/7514672/,7514672,False,False,True,,5166,Q-AND-A,,029ddd79-899d-4078-abfa-67c14c060e0c,,7514670,202,5565496,5565358,5166,5166,5565076,,/orgs/MSFOCG/sources/MSFOCG/,,5565048,,/orgs/MSFOCG/sources/MSFOCG/,,True,True
"{'smart': '89f633fcfcab80dd8db17a105521ebb6', 'standard': '16c78a4255e44b31f6a423d55d12191f'}",7514675,View,2024-05-23T20:49:42.787844+00:00,2024-05-23T20:49:42.791907+00:00,789,789,True,{},/orgs/MSFOCG/sources/MSFOCG/mappings/204/7514675/,7514675,False,False,True,,5166,Q-AND-A,,3b7e6f12-820f-448a-884f-ddf8205a3bd7,,7514674,204,5565496,5565492,5166,5166,5565076,,/orgs/MSFOCG/sources/MSFOCG/,,5565003,,/orgs/MSFOCG/sources/MSFOCG/,,True,True
"{'smart': '28482736443654a572861e6df44c631b', 'standard': '80e108101adebf3b672ccf4f8196e4a2'}",7514677,View,2024-05-23T20:49:42.854421+00:00,2024-05-23T20:49:42.859441+00:00,789,789,True,{},/orgs/MSFOCG/sources/MSFOCG/mappings/205/7514677/,7514677,False,False,True,,5166,Q-AND-A,,f8304a91-76fe-4be9-8f60-a43b86bc16aa,,7514676,205,5565496,5565361,5166,5166,5565076,,/orgs/MSFOCG/sources/MSFOCG/,,5565049,,/orgs/MSFOCG/sources/MSFOCG/,,True,True
"{'smart': '8adfbaf1e31437c7d036313c4c32bd3d', 'standard': '7e401883a3159074bc3b4206c30ca907'}",7514678,View,2024-05-23T20:49:42.882418+00:00,2024-05-23T20:49:42.898133+00:00,789,789,True,{},/orgs/MSFOCG/sources/MSFOCG/mappings/206/,7514678,False,False,False,,5166,Q-AND-A,,9b321736-b887-459f-8df2-f5d60abb9981,,7514678,206,5565496,5565494,5166,5166,5565076,,/orgs/MSFOCG/sources/MSFOCG/,,5565004,,/orgs/MSFOCG/sources/MSFOCG/,,True,True
"{'smart': '09a0b46c8aee2ba239cb9cfd13cc7653', 'standard': '4aef8057a34962cf93548789e441b86e'}",7514681,View,2024-05-23T20:49:43.021106+00:00,2024-05-23T20:49:43.026620+00:00,789,789,True,{},/orgs/MSFOCG/sources/MSFOCG/mappings/207/7514681/,7514681,False,False,True,,5166,Q-AND-A,,a6bb9678-1db7-4a48-91bf-cc6f21f3d805,,7514680,207,5565496,5565364,5166,5166,5565076,,/orgs/MSFOCG/sources/MSFOCG/,,5565050,,/orgs/MSFOCG/sources/MSFOCG/,,True,True
"{'smart': 'd6e458db05cf64900c965613ec31113f', 'standard': 'afbfc3d7aa4fe5795dc900796587cf02'}",7514683,View,2024-05-23T20:49:43.178371+00:00,2024-05-23T20:49:43.183401+00:00,789,789,True,{},/orgs/MSFOCG/sources/MSFOCG/mappings/208/7514683/,7514683,False,False,True,,5166,Q-AND-A,,e0514e8b-74da-4694-a756-2d1308897681,,7514682,208,5565496,5565367,5166,5166,5565076,,/orgs/MSFOCG/sources/MSFOCG/,,5565051,,/orgs/MSFOCG/sources/MSFOCG/,,True,True
"{'smart': '30666beac6cdf40f92adc7bf16a363b7', 'standard': 'db69eafc0145ffc0745214afac4d41cd'}",7514685,View,2024-05-23T20:49:43.355311+00:00,2024-05-23T20:49:43.359977+00:00,789,789,True,{},/orgs/MSFOCG/sources/MSFOCG/mappings/209/7514685/,7514685,False,False,True,,5166,Q-AND-A,,32e5cdf3-3432-46c5-ab8c-aeed29dc01f9,,7514684,209,5565496,5565369,5166,5166,5565076,,/orgs/MSFOCG/sources/MSFOCG/,,5565052,,/orgs/MSFOCG/sources/MSFOCG/,,True,True
"{'smart': '88522844d7c7aeee4709061ce999be22', 'standard': '65dac2b8bf20d37135fe40e0953b323c'}",7514687,View,2024-05-23T20:49:43.515267+00:00,2024-05-23T20:49:43.520998+00:00,789,789,True,{},/orgs/MSFOCG/sources/MSFOCG/mappings/210/7514687/,7514687,False,False,True,,5166,Q-AND-A,,a52a66ec-a183-402c-a3a1-042853b7007b,,7514686,210,5565496,5565372,5166,5166,5565076,,/orgs/MSFOCG/sources/MSFOCG/,,5565053,,/orgs/MSFOCG/sources/MSFOCG/,,True,True
"{'smart': '6517e10fb53caa3b20455546456f0eef', 'standard': '772d01fa6e15507417d324db8acdca99'}",7514688,View,2024-05-23T20:49:43.645229+00:00,2024-05-23T20:49:43.664146+00:00,789,789,True,{},/orgs/MSFOCG/sources/MSFOCG/mappings/211/,7514688,False,False,False,,5166,Q-AND-A,,732ffb77-6a4e-43b2-8c00-eb150ac18b0f,,7514688,211,5565496,5565375,5166,5166,5565076,,/orgs/MSFOCG/sources/MSFOCG/,,5565054,,/orgs/MSFOCG/sources/MSFOCG/,,True,True
"{'smart': '48b5d17fc555596cb464cfafdf6c9595', 'standard': 'eba95072f4d3f82929165b7c343acbdf'}",7514691,View,2024-05-23T20:49:43.834697+00:00,2024-05-23T20:49:43.839758+00:00,789,789,True,{},/orgs/MSFOCG/sources/MSFOCG/mappings/212/7514691/,7514691,False,False,True,,5166,Q-AND-A,,06a9f68d-d4c9-4edc-8c0a-bbd710b2876a,,7514690,212,5565496,5565377,5166,5166,5565076,,/orgs/MSFOCG/sources/MSFOCG/,,5565055,,/orgs/MSFOCG/sources/MSFOCG/,,True,True
"{'smart': '49e32013e159df558b1390eae2358a9e', 'standard': '2396ece1403770b4147f003bcd3a7fcd'}",7514693,View,2024-05-23T20:49:43.997402+00:00,2024-05-23T20:49:44.007498+00:00,789,789,True,{},/orgs/MSFOCG/sources/MSFOCG/mappings/213/7514693/,7514693,False,False,True,,5166,Q-AND-A,,0c1025b9-7540-493f-86a6-713760edb4cc,,7514692,213,5565496,5565380,5166,5166,5565076,,/orgs/MSFOCG/sources/MSFOCG/,,5565056,,/orgs/MSFOCG/sources/MSFOCG/,,True,True
"{'smart': '7e1b4fb772144418183c0a6d944ff7ed', 'standard': '2b7eda7535c976510890a23ae7aa2ff1'}",7514695,View,2024-05-23T20:49:44.161111+00:00,2024-05-23T20:49:44.166700+00:00,789,789,True,{},/orgs/MSFOCG/sources/MSFOCG/mappings/214/7514695/,7514695,False,False,True,,5166,Q-AND-A,,f50eb65e-b529-482a-984d-9184a70af16e,,7514694,214,5565496,5565383,5166,5166,5565076,,/orgs/MSFOCG/sources/MSFOCG/,,5565057,,/orgs/MSFOCG/sources/MSFOCG/,,True,True
"{'smart': 'e68c027ca0b22a745977df01c9163166', 'standard': '0ddc2507484921c273d8e257fff73e3a'}",7514697,View,2024-05-23T20:49:44.317636+00:00,2024-05-23T20:49:44.323378+00:00,789,789,True,{},/orgs/MSFOCG/sources/MSFOCG/mappings/215/7514697/,7514697,False,False,True,,5166,Q-AND-A,,0c196b4a-4e46-4116-8524-882c83948d88,,7514696,215,5565496,5565386,5166,5166,5565076,,/orgs/MSFOCG/sources/MSFOCG/,,5565058,,/orgs/MSFOCG/sources/MSFOCG/,,True,True
"{'smart': 'e1e7d6bdab8f320a98fcf210dc0015ba', 'standard': '5f29d70f7e8dc8087bfc3cee6b6dec0a'}",7514699,View,2024-05-23T20:49:44.477955+00:00,2024-05-23T20:49:44.483816+00:00,789,789,True,{},/orgs/MSFOCG/sources/MSFOCG/mappings/216/7514699/,7514699,False,False,True,,5166,Q-AND-A,,c4321f42-3fb5-436d-b1e5-7ad740f23884,,7514698,216,5565496,5565390,5166,5166,5565076,,/orgs/MSFOCG/sources/MSFOCG/,,5565059,,/orgs/MSFOCG/sources/MSFOCG/,,True,True
"{'smart': 'cd8fcee611478d43ba3d96d08020485b', 'standard': 'e4a35099b7dc871a1b7b61c3c944ff8b'}",7514701,View,2024-05-23T20:49:44.637470+00:00,2024-05-23T20:49:44.642329+00:00,789,789,True,{},/orgs/MSFOCG/sources/MSFOCG/mappings/217/7514701/,7514701,False,False,True,,5166,Q-AND-A,,480fb4bb-809c-4290-8a96-0fb05d38be97,,7514700,217,5565496,5565394,5166,5166,5565076,,/orgs/MSFOCG/sources/MSFOCG/,,5565060,,/orgs/MSFOCG/sources/MSFOCG/,,True,True
"{'smart': '2d40fac10aad39b76220f55dd2a96c5c', 'standard': '1241e92d3f045b9ba4c8298dc1e2498e'}",7514703,View,2024-05-23T20:49:44.793742+00:00,2024-05-23T20:49:44.798746+00:00,789,789,True,{},/orgs/MSFOCG/sources/MSFOCG/mappings/218/7514703/,7514703,False,False,True,,5166,Q-AND-A,,2d3bc07d-b26b-4d1a-9a4a-6966fc53e93f,,7514702,218,5565496,5565397,5166,5166,5565076,,/orgs/MSFOCG/sources/MSFOCG/,,5565061,,/orgs/MSFOCG/sources/MSFOCG/,,True,True
"{'smart': 'c6ba07fdb5975545ee3f52077f11748c', 'standard': '2d658803908f90f9f781b51246b9cef2'}",7514705,View,2024-05-23T20:49:44.959250+00:00,2024-05-23T20:49:44.966623+00:00,789,789,True,{},/orgs/MSFOCG/sources/MSFOCG/mappings/219/7514705/,7514705,False,False,True,,5166,Q-AND-A,,dc90827c-4e76-4966-94be-142cf850ae8d,,7514704,219,5565496,5565400,5166,5166,5565076,,/orgs/MSFOCG/sources/MSFOCG/,,5565062,,/orgs/MSFOCG/sources/MSFOCG/,,True,True
"{'smart': '41f41774ad2e4b3cc6556db29504c159', 'standard': '611e18f379422c4c280bca82b7653a26'}",7514707,View,2024-05-23T20:49:45.304810+00:00,2024-05-23T20:49:45.312029+00:00,789,789,True,{},/orgs/MSFOCG/sources/MSFOCG/mappings/220/7514707/,7514707,False,False,True,,5166,Q-AND-A,,01a20ec0-4ddb-4ba7-a654-550eef776cc7,,7514706,220,5565496,5565404,5166,5166,5565076,,/orgs/MSFOCG/sources/MSFOCG/,,5565063,,/orgs/MSFOCG/sources/MSFOCG/,,True,True
"{'smart': 'b3f407628c61d28c475800b6d70c40e9', 'standard': '9a2c245596134922b1255aa819e821b6'}",7514709,View,2024-05-23T20:49:45.479788+00:00,2024-05-23T20:49:45.484722+00:00,789,789,True,{},/orgs/MSFOCG/sources/MSFOCG/mappings/221/7514709/,7514709,False,False,True,,5166,Q-AND-A,,70a387a3-762a-45e4-b540-cc2741e0d919,,7514708,221,5565496,5565407,5166,5166,5565076,,/orgs/MSFOCG/sources/MSFOCG/,,5565064,,/orgs/MSFOCG/sources/MSFOCG/,,True,True
"{'smart': 'd2a732061736b7cb80a96038bb3031db', 'standard': '983fbf04849fb16c6e08f7b1b0ddd3a6'}",7514711,View,2024-05-23T20:49:45.645280+00:00,2024-05-23T20:49:45.651452+00:00,789,789,True,{},/orgs/MSFOCG/sources/MSFOCG/mappings/222/7514711/,7514711,False,False,True,,5166,Q-AND-A,,9df0ca09-29d8-4223-aa65-1442a0eb230d,,7514710,222,5565496,5565410,5166,5166,5565076,,/orgs/MSFOCG/sources/MSFOCG/,,5565065,,/orgs/MSFOCG/sources/MSFOCG/,,True,True
"{'smart': '8787d84610bc0513972a671857d41d7c', 'standard': '6c7201e077ef8589efc13615082075b7'}",7514713,View,2024-05-23T20:49:45.854060+00:00,2024-05-23T20:49:45.860220+00:00,789,789,True,{},/orgs/MSFOCG/sources/MSFOCG/mappings/223/7514713/,7514713,False,False,True,,5166,Q-AND-A,,427c65aa-1c6b-4546-a629-db62facb458e,,7514712,223,5565496,5565414,5166,5166,5565076,,/orgs/MSFOCG/sources/MSFOCG/,,5565066,,/orgs/MSFOCG/sources/MSFOCG/,,True,True
"{'smart': '8afeaf37684b3372ba92217d93a78456', 'standard': '4e5c469eb1386fbf2791278dcfaf2541'}",7514717,View,2024-05-23T20:49:46.206179+00:00,2024-05-23T20:49:46.213422+00:00,789,789,True,{},/orgs/MSFOCG/sources/MSFOCG/mappings/225/7514717/,7514717,False,False,True,,5166,Q-AND-A,,17966f93-813a-4e89-8e7a-efd7af2eb59f,,7514716,225,5565496,5565420,5166,5166,5565076,,/orgs/MSFOCG/sources/MSFOCG/,,5565068,,/orgs/MSFOCG/sources/MSFOCG/,,True,True
"{'smart': 'eded078b552d185dabb180ca74745f9b', 'standard': '528d8846a415fd540d69c560a93ba315'}",7514719,View,2024-05-23T20:49:46.367941+00:00,2024-05-23T20:49:46.374220+00:00,789,789,True,{},/orgs/MSFOCG/sources/MSFOCG/mappings/226/7514719/,7514719,False,False,True,,5166,Q-AND-A,,0c9e812b-515c-4b44-9a9b-55bede85d371,,7514718,226,5565496,5565423,5166,5166,5565076,,/orgs/MSFOCG/sources/MSFOCG/,,5565069,,/orgs/MSFOCG/sources/MSFOCG/,,True,True
"{'smart': '276b115c639532f0c1f7c4462fdd5a30', 'standard': 'ee9d34aa76128aa04f17e42832713fe8'}",7514721,View,2024-05-23T20:49:46.530194+00:00,2024-05-23T20:49:46.535075+00:00,789,789,True,{},/orgs/MSFOCG/sources/MSFOCG/mappings/227/7514721/,7514721,False,False,True,,5166,Q-AND-A,,68350472-1f7f-4a0e-8ba0-b0da4c77b7af,,7514720,227,5565496,5565427,5166,5166,5565076,,/orgs/MSFOCG/sources/MSFOCG/,,5565070,,/orgs/MSFOCG/sources/MSFOCG/,,True,True
"{'smart': '945b8d5b13c9b524dc14691b0b5e1107', 'standard': 'be478f642903943b015affc7c4d7ff87'}",7514723,View,2024-05-23T20:49:46.688171+00:00,2024-05-23T20:49:46.693257+00:00,789,789,True,{},/orgs/MSFOCG/sources/MSFOCG/mappings/228/7514723/,7514723,False,False,True,,5166,Q-AND-A,,c9a964a6-8477-49bb-98f5-301b9eb9e5dd,,7514722,228,5565496,5565430,5166,5166,5565076,,/orgs/MSFOCG/sources/MSFOCG/,,5565071,,/orgs/MSFOCG/sources/MSFOCG/,,True,True
"{'smart': '1e7e9eb90832da1e153898a51eb37548', 'standard': 'ce386615ec9c3ee10df8f398424df42c'}",7514724,View,2024-05-23T20:49:46.818042+00:00,2024-05-23T20:49:46.838439+00:00,789,789,True,{},/orgs/MSFOCG/sources/MSFOCG/mappings/229/,7514724,False,False,False,,5166,Q-AND-A,,088577fb-e0e5-404a-bc2c-7709db6e9706,,7514724,229,5565496,5565433,5166,5166,5565076,,/orgs/MSFOCG/sources/MSFOCG/,,5565072,,/orgs/MSFOCG/sources/MSFOCG/,,True,True
"{'smart': '5a740e0a8bf7183d0542c8eaa9333058', 'standard': 'db201ce5d1a1e04c8c709067e343d35f'}",7514726,View,2024-05-23T20:49:46.976912+00:00,2024-05-23T20:49:46.995396+00:00,789,789,True,{},/orgs/MSFOCG/sources/MSFOCG/mappings/230/,7514726,False,False,False,,5166,Q-AND-A,,c847ccb9-f962-4208-8218-5904aea787bf,,7514726,230,5565496,5565437,5166,5166,5565076,,/orgs/MSFOCG/sources/MSFOCG/,,5565073,,/orgs/MSFOCG/sources/MSFOCG/,,True,True
"{'smart': 'a6180a946686afb51eadc03bac35f4e3', 'standard': '08c96ecc1cf86350f87f9bc8914221f8'}",7514728,View,2024-05-23T20:49:47.138777+00:00,2024-05-23T20:49:47.158420+00:00,789,789,True,{},/orgs/MSFOCG/sources/MSFOCG/mappings/231/,7514728,False,False,False,,5166,Q-AND-A,,6cc2ce29-803b-4751-a42b-29abb02edbe0,,7514728,231,5565496,5565440,5166,5166,5565076,,/orgs/MSFOCG/sources/MSFOCG/,,5565074,,/orgs/MSFOCG/sources/MSFOCG/,,True,True
"{'smart': '94bc05970625f3903e82699a5d85f544', 'standard': '71a9ecfbe8a3c41e3fbab77d6e36873f'}",7514730,View,2024-05-23T20:49:47.299605+00:00,2024-05-23T20:49:47.318987+00:00,789,789,True,{},/orgs/MSFOCG/sources/MSFOCG/mappings/232/,7514730,False,False,False,,5166,Q-AND-A,,db3bc8bf-e7d0-4634-ab20-a3a130720e43,,7514730,232,5565496,5565444,5166,5166,5565076,,/orgs/MSFOCG/sources/MSFOCG/,,5565075,,/orgs/MSFOCG/sources/MSFOCG/,,True,True
